Pulse,Actual_Normalized,Model_Normalized,Residual,Actual_Current
0,-0.9551820728291317,-1.0,0.0448179271708683,1.04594330400782e-06
1,-0.9439775910364147,-0.9989772542772147,0.05499966324080008,1.0654936461388074e-06
2,-0.9495798319327731,-0.9979535491794728,0.0483737172466997,1.0557184750733138e-06
3,-0.9495798319327731,-0.9969288838068433,0.047349051874070236,1.0557184750733138e-06
4,-0.9495798319327731,-0.9959032572585516,0.04632342532577849,1.0557184750733138e-06
5,-0.9495798319327731,-0.9948766686329776,0.04529683670020457,1.0557184750733138e-06
6,-0.9439775910364147,-0.9938491170276559,0.04987152599124123,1.0654936461388074e-06
7,-0.9551820728291317,-0.9928206015392742,0.037638528710142505,1.04594330400782e-06
8,-0.9383753501400561,-0.991791121263673,0.05341577112361684,1.075268817204301e-06
9,-0.9495798319327731,-0.9907606752958447,0.041180843363071595,1.0557184750733138e-06
10,-0.9439775910364147,-0.9897292627299327,0.045751671693518015,1.0654936461388074e-06
11,-0.9439775910364147,-0.9886968826592306,0.04471929162281596,1.0654936461388074e-06
12,-0.9495798319327731,-0.9876635341761817,0.038083702243408624,1.0557184750733138e-06
13,-0.9439775910364147,-0.9866292163723779,0.04265162533596323,1.0654936461388074e-06
14,-0.9719887955182074,-0.9855939283385587,0.013605132820351362,1.016617790811339e-06
15,-0.927170868347339,-0.9845576691646112,0.05738680081727221,1.0948191593352883e-06
16,-0.9607843137254902,-0.9835204379395682,0.022736124214078002,1.0361681329423264e-06
17,-0.9383753501400561,-0.9824822337516085,0.04410688361155235,1.075268817204301e-06
18,-0.9551820728291317,-0.9814430556880551,0.02626098285892342,1.04594330400782e-06
19,-0.9495798319327731,-0.9804029028353752,0.030823070902602168,1.0557184750733138e-06
20,-0.9495798319327731,-0.9793617742791791,0.029781942346406076,1.0557184750733138e-06
21,-0.9495798319327731,-0.9783196691042192,0.028739837171446125,1.0557184750733138e-06
22,-0.9383753501400561,-0.9772765863943893,0.03890123625433317,1.075268817204301e-06
23,-0.9551820728291317,-0.9762325252327241,0.02105045240359238,1.04594330400782e-06
24,-0.9383753501400561,-0.9751874847013978,0.03681213456134169,1.075268817204301e-06
25,-0.9495798319327731,-0.9741414638817242,0.024561631948951113,1.0557184750733138e-06
26,-0.9383753501400561,-0.9730944618541547,0.03471911171409858,1.075268817204301e-06
27,-1.0,-0.9720464776982786,-0.027953522301721434,9.67741935483871e-07
28,-0.9439775910364147,-0.9709975104928216,0.027019919456406916,1.0654936461388074e-06
29,-0.9439775910364147,-0.9699475593156452,0.025969968279230593,1.0654936461388074e-06
30,-0.9495798319327731,-0.968896623243746,0.01931679131097297,1.0557184750733138e-06
31,-0.9439775910364147,-0.9678447013532548,0.02386711031684019,1.0654936461388074e-06
32,-0.9551820728291317,-0.9667917927194357,0.011609719890304016,1.04594330400782e-06
33,-0.9495798319327731,-0.9657378964166853,0.016158064483912216,1.0557184750733138e-06
34,-0.9495798319327731,-0.9646830115185321,0.015103179585759019,1.0557184750733138e-06
35,-0.9551820728291317,-0.9636271370976354,0.008445064268503666,1.04594330400782e-06
36,-0.9551820728291317,-0.9625702722257846,0.007388199396652917,1.04594330400782e-06
37,-0.9551820728291317,-0.9615124159738987,0.006330343144766992,1.04594330400782e-06
38,-0.9215686274509803,-0.9604535674120248,0.038884939961044473,1.104594330400782e-06
39,-0.9439775910364147,-0.959393725609338,0.015416134572923346,1.0654936461388074e-06
40,-0.9383753501400561,-0.95833288963414,0.019957539494083854,1.075268817204301e-06
41,-0.9495798319327731,-0.9572710585538585,0.007691226621085456,1.0557184750733138e-06
42,-0.9383753501400561,-0.9562082314350467,0.01783288129499061,1.075268817204301e-06
43,-0.9439775910364147,-0.955144407343382,0.011166816306967364,1.0654936461388074e-06
44,-0.9383753501400561,-0.9540795853436653,0.015704235203609196,1.075268817204301e-06
45,-0.9383753501400561,-0.9530137644998204,0.014638414359764318,1.075268817204301e-06
46,-0.9495798319327731,-0.951946943874893,0.002367111942119915,1.0557184750733138e-06
47,-0.9327731092436976,-0.9508791225310497,0.018106013287352063,1.0850439882697945e-06
48,-0.9439775910364147,-0.9498102995295776,0.005832708493162975,1.0654936461388074e-06
49,-0.9383753501400561,-0.9487404739308833,0.010365123790827213,1.075268817204301e-06
50,-0.9439775910364147,-0.9476696447944919,0.0036920537580772406,1.0654936461388074e-06
51,-0.9383753501400561,-0.9465978111790462,0.008222461038990048,1.075268817204301e-06
52,-0.9383753501400561,-0.9455249721423061,0.00714962200225,1.075268817204301e-06
53,-0.9327731092436976,-0.9444511267411477,0.011678017497450122,1.0850439882697945e-06
54,-0.9383753501400561,-0.9433762740315623,0.005000923891506193,1.075268817204301e-06
55,-0.9327731092436976,-0.9423004130686558,0.009527303824958144,1.0850439882697945e-06
56,-0.9159663865546219,-0.9412235429066476,0.025257156352025634,1.1143695014662756e-06
57,-0.9383753501400561,-0.94014566259887,0.001770312458813872,1.075268817204301e-06
58,-0.927170868347339,-0.9390667711977673,0.011895902850428297,1.0948191593352883e-06
59,-0.9383753501400561,-0.9379868677548949,-0.00038848238516120404,1.075268817204301e-06
60,-0.9327731092436976,-0.9369059513209186,0.004132842077220977,1.0850439882697945e-06
61,-0.9327731092436976,-0.9358240209456137,0.0030509117019160703,1.0850439882697945e-06
62,-0.9327731092436976,-0.934741075677864,0.0019679664341664127,1.0850439882697945e-06
63,-0.9383753501400561,-0.9336571145656614,-0.004718235574394769,1.075268817204301e-06
64,-0.9327731092436976,-0.9325721366561043,-0.0002009725875933288,1.0850439882697945e-06
65,-0.927170868347339,-0.9314861409953977,0.0043152726480587544,1.0948191593352883e-06
66,-0.9383753501400561,-0.9303991266288518,-0.007976223511204306,1.075268817204301e-06
67,-0.9047619047619049,-0.9293110926008813,0.024549187838976416,1.1339198435972628e-06
68,-0.9215686274509803,-0.9282220379550042,0.0066534105040239044,1.104594330400782e-06
69,-0.927170868347339,-0.9271319617338417,-3.890661349725821e-05,1.0948191593352883e-06
70,-0.9495798319327731,-0.9260408629791167,-0.02353896895365637,1.0557184750733138e-06
71,-0.927170868347339,-0.9249487407316531,-0.002222127615685854,1.0948191593352883e-06
72,-0.9215686274509803,-0.9238555940313754,0.0022869665803950667,1.104594330400782e-06
73,-0.927170868347339,-0.9227614219173074,-0.004409446430031605,1.0948191593352883e-06
74,-0.9215686274509803,-0.9216662234275711,9.759597659075858e-05,1.104594330400782e-06
75,-0.9327731092436976,-0.9205699975993867,-0.012203111644310871,1.0850439882697945e-06
76,-0.9159663865546219,-0.9194727434690712,0.003506356914449227,1.1143695014662756e-06
77,-0.9215686274509803,-0.9183744600720373,-0.003194167378943069,1.104594330400782e-06
78,-0.9215686274509803,-0.9172751464427932,-0.004293481008187161,1.104594330400782e-06
79,-0.9327731092436976,-0.9161748016149414,-0.016598307628756248,1.0850439882697945e-06
80,-0.927170868347339,-0.9150734246211777,-0.012097443726161283,1.0948191593352883e-06
81,-0.9159663865546219,-0.9139710144932907,-0.0019953720613312687,1.1143695014662756e-06
82,-0.9215686274509803,-0.9128675702621606,-0.00870105718881975,1.104594330400782e-06
83,-0.9159663865546219,-0.9117630909577588,-0.004203295596863166,1.1143695014662756e-06
84,-0.9215686274509803,-0.9106575756091465,-0.01091105184183383,1.104594330400782e-06
85,-0.9103641456582634,-0.9095510232444745,-0.000813122413788947,1.1241446725317692e-06
86,-0.9215686274509803,-0.9084434328909814,-0.013125194559998943,1.104594330400782e-06
87,-0.9159663865546219,-0.9073348035749939,-0.008631582979628072,1.1143695014662756e-06
88,-0.9215686274509803,-0.9062251343219249,-0.015343493129055474,1.104594330400782e-06
89,-0.9215686274509803,-0.9051144241562733,-0.016454203294707037,1.104594330400782e-06
90,-0.9047619047619049,-0.904002672101623,-0.0007592326602818833,1.1339198435972628e-06
91,-0.9215686274509803,-0.9028898771806418,-0.018678750270338496,1.104594330400782e-06
92,-0.9047619047619049,-0.901776038415081,-0.002985866346823851,1.1339198435972628e-06
93,-0.9103641456582634,-0.900661154825774,-0.009702990832489378,1.1241446725317692e-06
94,-0.9103641456582634,-0.8995452254326358,-0.010818920225627582,1.1241446725317692e-06
95,-0.9103641456582634,-0.8984282492546621,-0.011935896403601265,1.1241446725317692e-06
96,-0.9103641456582634,-0.8973102253099283,-0.01305392034833508,1.1241446725317692e-06
97,-0.9047619047619049,-0.8961911526155888,-0.008570752146316085,1.1339198435972628e-06
98,-0.9159663865546219,-0.8950710301878759,-0.020895356366746,1.1143695014662756e-06
99,-0.927170868347339,-0.8939498570420993,-0.03322101130523969,1.0948191593352883e-06
100,-0.9103641456582634,-0.8928276321926447,-0.017536513465618686,1.1241446725317692e-06
101,-0.8991596638655462,-0.8917043546529737,-0.007455309212572536,1.1436950146627566e-06
102,-0.9103641456582634,-0.8905800234356221,-0.019784122222641254,1.1241446725317692e-06
103,-0.8991596638655462,-0.8894546375521997,-0.009705026313346576,1.1436950146627566e-06
104,-0.9103641456582634,-0.8883281960133889,-0.022035949644874542,1.1241446725317692e-06
105,-0.9047619047619049,-0.8872006978289442,-0.017561206932960705,1.1339198435972628e-06
106,-0.8935574229691877,-0.8860721420076912,-0.007485280961496477,1.1534701857282501e-06
107,-0.8991596638655462,-0.884942527557526,-0.01421713630802024,1.1436950146627566e-06
108,-0.8935574229691877,-0.8838118534854136,-0.009745569483774141,1.1534701857282501e-06
109,-0.8879551820728293,-0.8826801187973878,-0.005275063275441472,1.1632453567937437e-06
110,-0.8935574229691877,-0.88154732249855,-0.012010100470637775,1.1534701857282501e-06
111,-0.8991596638655462,-0.880413463593068,-0.018746200272478197,1.1436950146627566e-06
112,-0.8991596638655462,-0.8792785410841761,-0.01988112278137011,1.1436950146627566e-06
113,-0.8879551820728293,-0.8781425539741732,-0.009812628098656129,1.1632453567937437e-06
114,-0.8991596638655462,-0.8770055012644222,-0.022154162601124017,1.1436950146627566e-06
115,-0.8879551820728293,-0.8758673819553496,-0.012087800117479675,1.1632453567937437e-06
116,-0.8935574229691877,-0.8747281950464441,-0.018829227922743663,1.1534701857282501e-06
117,-0.8935574229691877,-0.8735879395362556,-0.019969483432932145,1.1534701857282501e-06
118,-0.8823529411764706,-0.872446614422395,-0.009906326754075545,1.1730205278592375e-06
119,-0.8879551820728293,-0.8713042187015329,-0.016650963371296457,1.1632453567937437e-06
120,-0.8879551820728293,-0.8701607513693984,-0.017794430703430897,1.1632453567937437e-06
121,-0.8935574229691877,-0.8690162114207789,-0.024541211548408826,1.1534701857282501e-06
122,-0.8823529411764706,-0.8678705978495187,-0.014482343326951863,1.1730205278592375e-06
123,-0.8935574229691877,-0.8667239096485184,-0.0268335133206693,1.1534701857282501e-06
124,-0.8767507002801121,-0.8655761458097337,-0.011174554470378406,1.182795698924731e-06
125,-0.8935574229691877,-0.864427305324175,-0.02913011764501272,1.1534701857282501e-06
126,-0.8823529411764706,-0.863277387181906,-0.01907555399456451,1.1730205278592375e-06
127,-0.8823529411764706,-0.8621263903720432,-0.020226550804427368,1.1730205278592375e-06
128,-0.8767507002801121,-0.8609743138827547,-0.015776386397357456,1.182795698924731e-06
129,-0.8767507002801121,-0.8598211567012595,-0.01692954357885268,1.182795698924731e-06
130,-0.8823529411764706,-0.8586669178138265,-0.023686023362644026,1.1730205278592375e-06
131,-0.8711484593837535,-0.8575115962057741,-0.013636863177979408,1.1925708699902248e-06
132,-0.8823529411764706,-0.8563551908614684,-0.025997750315002177,1.1730205278592375e-06
133,-0.865546218487395,-0.8551977007643229,-0.010348517723072104,1.2023460410557184e-06
134,-0.8767507002801121,-0.8540391248967977,-0.022711575383314475,1.182795698924731e-06
135,-0.865546218487395,-0.8528794622403981,-0.012666756246996869,1.2023460410557184e-06
136,-0.8711484593837535,-0.8517187117756745,-0.01942974760807903,1.1925708699902248e-06
137,-0.865546218487395,-0.8505568724822204,-0.014989346005174542,1.2023460410557184e-06
138,-0.8375350140056023,-0.8493939433386727,0.011858929333070423,1.2512218963831867e-06
139,-0.8599439775910365,-0.8482299233227097,-0.011714054268326723,1.212121212121212e-06
140,-0.8711484593837535,-0.8470648114110512,-0.02408364797270235,1.1925708699902248e-06
141,-0.8767507002801121,-0.8458986065794567,-0.030852093700655447,1.182795698924731e-06
142,-0.8599439775910365,-0.8447313078027253,-0.01521266978831115,1.212121212121212e-06
143,-0.8823529411764706,-0.8435629140546942,-0.03879002712177637,1.1730205278592375e-06
144,-0.854341736694678,-0.8423934243082379,-0.011948312386440008,1.2218963831867056e-06
145,-0.865546218487395,-0.8412228375352678,-0.02432338095212716,1.2023460410557184e-06
146,-0.8599439775910365,-0.8400511527067306,-0.019892824884305882,1.212121212121212e-06
147,-0.854341736694678,-0.8388783687926078,-0.015463367902070146,1.2218963831867056e-06
148,-0.8375350140056023,-0.8377044847619147,0.000169470756312462,1.2512218963831867e-06
149,-0.8487394957983194,-0.8365294995826996,-0.0122099962156198,1.2316715542521993e-06
150,-0.8711484593837535,-0.8353534122220426,-0.03579504716171089,1.1925708699902248e-06
151,-0.8487394957983194,-0.834176221646055,-0.014563274152264438,1.2316715542521993e-06
152,-0.854341736694678,-0.8329979268198782,-0.02134380987479978,1.2218963831867056e-06
153,-0.854341736694678,-0.8318185267076829,-0.022523209986995085,1.2218963831867056e-06
154,-0.8487394957983194,-0.8306380202726682,-0.018101475525651223,1.2316715542521993e-06
155,-0.8487394957983194,-0.8294564064770606,-0.019283089321258773,1.2316715542521993e-06
156,-0.8431372549019609,-0.8282736842821132,-0.014863570619847666,1.241446725317693e-06
157,-0.854341736694678,-0.8270898526481045,-0.027251884046573416,1.2218963831867056e-06
158,-0.8431372549019609,-0.825904910534338,-0.017232344367622887,1.241446725317693e-06
159,-0.854341736694678,-0.8247188568991407,-0.029622879795537238,1.2218963831867056e-06
160,-0.8375350140056023,-0.8235316906998627,-0.014003323305739612,1.2512218963831867e-06
161,-0.8487394957983194,-0.8223434108928759,-0.02639608490544354,1.2316715542521993e-06
162,-0.8711484593837535,-0.8211540164335733,-0.049994442950180185,1.1925708699902248e-06
163,-0.8375350140056023,-0.819963506276368,-0.017571507729234215,1.2512218963831867e-06
164,-0.8431372549019609,-0.8187718793746924,-0.024365375527268474,1.241446725317693e-06
165,-0.8319327731092437,-0.817579134680997,-0.014353638428246773,1.2609970674486803e-06
166,-0.8375350140056023,-0.8163852711467497,-0.021149742858852516,1.2512218963831867e-06
167,-0.8263305322128852,-0.8151902877224351,-0.011140244490450146,1.2707722385141738e-06
168,-0.8375350140056023,-0.8139941833575528,-0.02354083064804946,1.2512218963831867e-06
169,-0.8319327731092437,-0.8127969570006175,-0.019135816108626247,1.2609970674486803e-06
170,-0.8263305322128852,-0.8115986075991574,-0.014731924613727854,1.2707722385141738e-06
171,-0.8263305322128852,-0.8103991340997132,-0.015931398113172013,1.2707722385141738e-06
172,-0.8263305322128852,-0.8091985354478377,-0.017131996765047508,1.2707722385141738e-06
173,-0.8151260504201681,-0.8079968105880946,-0.007129239832073475,1.2903225806451612e-06
174,-0.8207282913165266,-0.8067939584640573,-0.013934332852469256,1.2805474095796676e-06
175,-0.8319327731092437,-0.8055899780183086,-0.026342795090935178,1.2609970674486803e-06
176,-0.8207282913165266,-0.8043848681924389,-0.016343423124087653,1.2805474095796676e-06
177,-0.8207282913165266,-0.8031786279270463,-0.017549663389480274,1.2805474095796676e-06
178,-0.8207282913165266,-0.8019712561617348,-0.018757035154791768,1.2805474095796676e-06
179,-0.7871148459383754,-0.8007627518351138,0.013647905896738366,1.3391984359726295e-06
180,-0.8095238095238096,-0.7995531138847971,-0.009970695639012539,1.3000977517106548e-06
181,-0.8151260504201681,-0.798342341247402,-0.01678370917276606,1.2903225806451612e-06
182,-0.8319327731092437,-0.7971304328585481,-0.03480234025069562,1.2609970674486803e-06
183,-0.8095238095238096,-0.7959173876528568,-0.013606421870952845,1.3000977517106548e-06
184,-0.8207282913165266,-0.7947032045639499,-0.026025086752576643,1.2805474095796676e-06
185,-0.7983193277310925,-0.7934878825244492,-0.004831445206643248,1.3196480938416421e-06
186,-0.8095238095238096,-0.7922714204659751,-0.01725238905783455,1.3000977517106548e-06
187,-0.8151260504201681,-0.7910538173191457,-0.024072233101022356,1.2903225806451612e-06
188,-0.8039215686274511,-0.7898350720135762,-0.014086496613874955,1.3098729227761483e-06
189,-0.8263305322128852,-0.7886151834778774,-0.037715348735007814,1.2707722385141738e-06
190,-0.7983193277310925,-0.7873941506396556,-0.010925177091436922,1.3196480938416421e-06
191,-0.7759103641456584,-0.7861719724255106,0.01026160827985223,1.3587487781036166e-06
192,-0.7983193277310925,-0.7849486477610358,-0.013370679970056698,1.3196480938416421e-06
193,-0.8039215686274511,-0.7837241755708164,-0.020197393056634705,1.3098729227761483e-06
194,-0.7983193277310925,-0.7824985547784291,-0.015820772952663376,1.3196480938416421e-06
195,-0.7983193277310925,-0.7812717843064407,-0.017047543424651757,1.3196480938416421e-06
196,-0.8039215686274511,-0.7800438630764074,-0.023877705551043737,1.3098729227761483e-06
197,-0.792717086834734,-0.7788147900088737,-0.013902296825860305,1.3294232649071357e-06
198,-0.8039215686274511,-0.7775845640233715,-0.026337004604079617,1.3098729227761483e-06
199,-0.7871148459383754,-0.7763531840384194,-0.010761661899956088,1.3391984359726295e-06
200,-0.7983193277310925,-0.7751206489715212,-0.023198678759571267,1.3196480938416421e-06
201,-0.792717086834734,-0.7738869577391656,-0.01883012909556836,1.3294232649071357e-06
202,-0.792717086834734,-0.7726521092568247,-0.02006497757790926,1.3294232649071357e-06
203,-0.7871148459383754,-0.7714161024389534,-0.01569874349942202,1.3391984359726295e-06
204,-0.7815126050420169,-0.7701789361989884,-0.011333668843028555,1.348973607038123e-06
205,-0.7871148459383754,-0.7689406094493468,-0.018174236489028606,1.3391984359726295e-06
206,-0.7759103641456584,-0.7677011211014259,-0.00820924304423254,1.3587487781036166e-06
207,-0.7871148459383754,-0.7664604700656016,-0.020654375872773856,1.3391984359726295e-06
208,-0.7759103641456584,-0.7652186552512278,-0.010691708894430607,1.3587487781036166e-06
209,-0.7759103641456584,-0.7639756755666353,-0.011934688579023134,1.3587487781036166e-06
210,-0.7759103641456584,-0.7627315299191308,-0.013178834226527547,1.3587487781036166e-06
211,-0.7759103641456584,-0.7614862172149963,-0.014424146930662074,1.3587487781036166e-06
212,-0.792717086834734,-0.7602397363594876,-0.03247735047524636,1.3294232649071357e-06
213,-0.7703081232492998,-0.7589920862568335,-0.011316036992466305,1.3685239491691104e-06
214,-0.7815126050420169,-0.7577432658102351,-0.023769339231781816,1.348973607038123e-06
215,-0.7366946778711485,-0.7564932739218646,0.0197985960507161,1.4271749755620723e-06
216,-0.7703081232492998,-0.7552421094928645,-0.015066013756435237,1.3685239491691104e-06
217,-0.7591036414565826,-0.7539897714233464,-0.005113870033236156,1.3880742913000978e-06
218,-0.7647058823529412,-0.7527362586123902,-0.011969623740550994,1.378299120234604e-06
219,-0.7591036414565826,-0.751481569958043,-0.007622071498539551,1.3880742913000978e-06
220,-0.7647058823529412,-0.7502257043573185,-0.014480177995622734,1.378299120234604e-06
221,-0.7647058823529412,-0.7489686607061955,-0.015737221646745736,1.378299120234604e-06
222,-0.742296918767507,-0.7477104378996172,0.005413519132110189,1.4173998044965787e-06
223,-0.7535014005602243,-0.7464510348314903,-0.007050365728733965,1.3978494623655911e-06
224,-0.7647058823529412,-0.745190450394684,-0.019515431958257223,1.378299120234604e-06
225,-0.7647058823529412,-0.7439286834810288,-0.020777198871912428,1.378299120234604e-06
226,-0.7478991596638656,-0.7426657329813159,-0.005233426682549669,1.407624633431085e-06
227,-0.7535014005602243,-0.7414015977852958,-0.012099802774928503,1.3978494623655911e-06
228,-0.7478991596638656,-0.7401362767816776,-0.00776288288218796,1.407624633431085e-06
229,-0.7478991596638656,-0.738869768858128,-0.009029390805737503,1.407624633431085e-06
230,-0.7535014005602243,-0.7376020729012706,-0.015899327658953744,1.3978494623655911e-06
231,-0.7366946778711485,-0.7363331877966839,-0.000361490074464621,1.4271749755620723e-06
232,-0.7647058823529412,-0.7350631124289017,-0.02964276992403958,1.378299120234604e-06
233,-0.7366946778711485,-0.7337918456814111,-0.0029028321897374143,1.4271749755620723e-06
234,-0.7478991596638656,-0.732519386436652,-0.015379773227213511,1.407624633431085e-06
235,-0.7254901960784315,-0.731245733576016,0.005755537497584506,1.4467253176930594e-06
236,-0.7366946778711485,-0.7299708859798452,-0.006723791891303343,1.4271749755620723e-06
237,-0.742296918767507,-0.7286948425274316,-0.013602076240075478,1.4173998044965787e-06
238,-0.7366946778711485,-0.7274176020970159,-0.009277075774132615,1.4271749755620723e-06
239,-0.7366946778711485,-0.7261391635657866,-0.010555514305361946,1.4271749755620723e-06
240,-0.7254901960784315,-0.7248595258098788,-0.0006306702685526799,1.4467253176930594e-06
241,-0.7366946778711485,-0.7235786877043736,-0.013115990166774893,1.4271749755620723e-06
242,-0.73109243697479,-0.7222966481232966,-0.008795788851493347,1.4369501466275658e-06
243,-0.742296918767507,-0.7210134059396175,-0.02128351282788954,1.4173998044965787e-06
244,-0.7254901960784315,-0.7197289600252486,-0.0057612360531829054,1.4467253176930594e-06
245,-0.7254901960784315,-0.718443309251044,-0.007046886827387411,1.4467253176930594e-06
246,-0.7198879551820729,-0.7171564524867988,-0.002731502695274113,1.4565004887585532e-06
247,-0.7142857142857144,-0.7158683886012477,0.0015826743155332723,1.4662756598240468e-06
248,-0.7254901960784315,-0.7145791164620643,-0.01091107961636717,1.4467253176930594e-06
249,-0.7086834733893557,-0.7132886349358601,0.004605161546504477,1.4760508308895405e-06
250,-0.7198879551820729,-0.7119969428881835,-0.007891012293889443,1.4565004887585532e-06
251,-0.7030812324929973,-0.7107040391835185,0.007622806690521289,1.485826001955034e-06
252,-0.7142857142857144,-0.7094099226852842,-0.004875791600430168,1.4662756598240468e-06
253,-0.7086834733893557,-0.7081145922558334,-0.0005688811335222699,1.4760508308895405e-06
254,-0.7086834733893557,-0.7068180467564518,-0.0018654266329038993,1.4760508308895405e-06
255,-0.7142857142857144,-0.7055202850473568,-0.008765429238357658,1.4662756598240468e-06
256,-0.7030812324929973,-0.7042213059876968,0.0011400734946995783,1.485826001955034e-06
257,-0.7142857142857144,-0.7029211084355501,-0.0113646058501643,1.4662756598240468e-06
258,-0.6918767507002803,-0.7016196912479237,0.009742940547643353,1.5053763440860212e-06
259,-0.7030812324929973,-0.7003170532807522,-0.0027641792122450326,1.485826001955034e-06
260,-0.6918767507002803,-0.6990131933888976,0.007136442688617239,1.5053763440860212e-06
261,-0.6974789915966387,-0.6977081104261472,0.00022911882950849005,1.4956011730205277e-06
262,-0.6918767507002803,-0.6964018032452134,0.0045250525449330725,1.5053763440860212e-06
263,-0.7142857142857144,-0.6950942706977322,-0.019191443587982193,1.4662756598240468e-06
264,-0.6974789915966387,-0.6937855116342626,-0.0036934799623761227,1.4956011730205277e-06
265,-0.680672268907563,-0.6924755249042852,0.011803255996722162,1.5249266862170086e-06
266,-0.7030812324929973,-0.6911643093562015,-0.01191692313679571,1.485826001955034e-06
267,-0.680672268907563,-0.6898518638373327,0.009179594929769608,1.5249266862170086e-06
268,-0.6918767507002803,-0.6885381871939186,-0.003338563506361747,1.5053763440860212e-06
269,-0.680672268907563,-0.687223278271117,0.006551009363553906,1.5249266862170086e-06
270,-0.6862745098039216,-0.6859071359130022,-0.00036737389091934247,1.5151515151515152e-06
271,-0.680672268907563,-0.6845897589625644,0.003917490055001305,1.5249266862170086e-06
272,-0.6750700280112046,-0.6832711462617082,0.008201118250503514,1.5347018572825022e-06
273,-0.6862745098039216,-0.6819512966512521,-0.004323213152669481,1.5151515151515152e-06
274,-0.6750700280112046,-0.6806302089709272,0.005560180959722549,1.5347018572825022e-06
275,-0.6862745098039216,-0.6793078820593761,-0.006966627744545484,1.5151515151515152e-06
276,-0.6694677871148461,-0.6779843147541521,0.008516527639305993,1.5444770283479957e-06
277,-0.6750700280112046,-0.6766595058917182,0.0015894778805135568,1.5347018572825022e-06
278,-0.6694677871148461,-0.6753334543074456,0.005865667192599511,1.5444770283479957e-06
279,-0.6694677871148461,-0.6740061588356134,0.00453837172076732,1.5444770283479957e-06
280,-0.6694677871148461,-0.6726776183094071,0.0032098311945609748,1.5444770283479957e-06
281,-0.6638655462184874,-0.6713478315609176,0.007482285342430228,1.5542521994134897e-06
282,-0.6694677871148461,-0.6700167974211403,0.0005490103062941731,1.5444770283479957e-06
283,-0.6526610644257704,-0.668684514719974,0.0160234502942036,1.5738025415444769e-06
284,-0.6638655462184874,-0.66735098228622,0.0034854360677326612,1.5542521994134897e-06
285,-0.6526610644257704,-0.6660161989475809,0.013355134521810474,1.5738025415444769e-06
286,-0.6526610644257704,-0.6646801635306595,0.012019099104889075,1.5738025415444769e-06
287,-0.6526610644257704,-0.6633428748609582,0.010681810435187788,1.5738025415444769e-06
288,-0.6302521008403362,-0.6620043317628775,0.031752230922541314,1.6129032258064514e-06
289,-0.6526610644257704,-0.6606645330597152,0.008003468633944744,1.5738025415444769e-06
290,-0.6470588235294117,-0.6593234775736652,0.012264654044253476,1.5835777126099707e-06
291,-0.6526610644257704,-0.6579811641258166,0.00532009970004621,1.5738025415444769e-06
292,-0.6470588235294117,-0.6566375915361529,0.009578768006741178,1.5835777126099707e-06
293,-0.6470588235294117,-0.6552927586235503,0.008233935094138611,1.5835777126099707e-06
294,-0.6414565826330533,-0.6539466642057773,0.012490081572724021,1.5933528836754642e-06
295,-0.6414565826330533,-0.6525993070994934,0.011142724466440157,1.5933528836754642e-06
296,-0.6358543417366948,-0.6512506861202481,0.015396344383553306,1.6031280547409578e-06
297,-0.6246498599439776,-0.6499008000824796,0.025250940138502043,1.6226783968719452e-06
298,-0.6414565826330533,-0.6485496477995144,0.007093065166461132,1.5933528836754642e-06
299,-0.596638655462185,-0.6471972280835655,0.050558572621380526,1.6715542521994132e-06
300,-0.6358543417366948,-0.6458435397457319,0.009989198009037192,1.6031280547409578e-06
301,-0.6302521008403362,-0.6444885815959973,0.014236480755661085,1.6129032258064514e-06
302,-0.6302521008403362,-0.6431323524432292,0.012880251602892967,1.6129032258064514e-06
303,-0.6246498599439776,-0.6417748510951776,0.01712499115120003,1.6226783968719452e-06
304,-0.6246498599439776,-0.6404160763584743,0.015766216414496714,1.6226783968719452e-06
305,-0.6358543417366948,-0.6390560270386315,0.003201685301936763,1.6031280547409578e-06
306,-0.6190476190476191,-0.6376947019400412,0.018647082892422118,1.6324535679374387e-06
307,-0.6302521008403362,-0.6363320998659735,0.006079999025637273,1.6129032258064514e-06
308,-0.6078431372549018,-0.6349682196185763,0.027125082363674502,1.6520039100684263e-06
309,-0.6246498599439776,-0.6336030599988737,0.008953200054896082,1.6226783968719452e-06
310,-0.6190476190476191,-0.6322366198067649,0.013189000759145864,1.6324535679374387e-06
311,-0.6190476190476191,-0.6308688978410237,0.011821278793404666,1.6324535679374387e-06
312,-0.6134453781512605,-0.629499892899297,0.01605451474803643,1.6422287390029323e-06
313,-0.6078431372549018,-0.6281296037781038,0.020286466523201985,1.6520039100684263e-06
314,-0.6078431372549018,-0.6267580292728341,0.018914892017932283,1.6520039100684263e-06
315,-0.6078431372549018,-0.6253851681777481,0.01754203092284634,1.6520039100684263e-06
316,-0.6078431372549018,-0.624011019285975,0.016167882031073222,1.6520039100684263e-06
317,-0.5854341736694677,-0.6226355813895117,0.03720140772004399,1.6911045943304008e-06
318,-0.6190476190476191,-0.621258853279222,0.0022112342316029654,1.6324535679374387e-06
319,-0.596638655462185,-0.6198808337448357,0.02324217828265074,1.6715542521994132e-06
320,-0.6022408963585435,-0.6185015215749471,0.01626062521640359,1.6617790811339197e-06
321,-0.596638655462185,-0.6171209155570141,0.02048226009482912,1.6715542521994132e-06
322,-0.596638655462185,-0.6157390144773575,0.019100359015172486,1.6715542521994132e-06
323,-0.6022408963585435,-0.6143558171211592,0.012114920762615666,1.6617790811339197e-06
324,-0.5854341736694677,-0.6129713222724619,0.027537148602994166,1.6911045943304008e-06
325,-0.5910364145658265,-0.6115855287141676,0.020549114148341152,1.6813294232649068e-06
326,-0.5798319327731092,-0.6101984352280365,0.030366502454927335,1.7008797653958944e-06
327,-0.5854341736694677,-0.6088100405946862,0.023375866925218536,1.6911045943304008e-06
328,-0.6134453781512605,-0.6074203435935904,-0.006025034557670117,1.6422287390029323e-06
329,-0.5798319327731092,-0.6060293430030779,0.026197410229968687,1.7008797653958944e-06
330,-0.5798319327731092,-0.6046370376003314,0.024805104827222202,1.7008797653958944e-06
331,-0.5686274509803921,-0.6032434261613867,0.034615975180994574,1.7204301075268817e-06
332,-0.5854341736694677,-0.6018485074611316,0.016414333791663904,1.6911045943304008e-06
333,-0.5686274509803921,-0.6004522802733044,0.031824829292912304,1.7204301075268817e-06
334,-0.5686274509803921,-0.5990547433704934,0.030427292390101224,1.7204301075268817e-06
335,-0.5854341736694677,-0.5976558955241351,0.012221721854667411,1.6911045943304008e-06
336,-0.5686274509803921,-0.5962557355045142,0.027628284524122027,1.7204301075268817e-06
337,-0.5686274509803921,-0.5948542620807613,0.026226811100369174,1.7204301075268817e-06
338,-0.5686274509803921,-0.5934514740208529,0.02482402304046072,1.7204301075268817e-06
339,-0.5630252100840336,-0.5920473700916092,0.029022160007575626,1.7302052785923753e-06
340,-0.5574229691876751,-0.5906419490586943,0.03321897987101918,1.7399804496578689e-06
341,-0.5686274509803921,-0.5892352096866139,0.02060775870622178,1.7204301075268817e-06
342,-0.5518207282913166,-0.5878271507387152,0.0360064224473986,1.7497556207233624e-06
343,-0.5630252100840336,-0.586417770977185,0.023392560893151337,1.7302052785923753e-06
344,-0.5518207282913166,-0.5850070691630492,0.03318634087173267,1.7497556207233624e-06
345,-0.5518207282913166,-0.5835950440561715,0.0317743157648549,1.7497556207233624e-06
346,-0.5518207282913166,-0.5821816944152521,0.030360966123935573,1.7497556207233624e-06
347,-0.5574229691876751,-0.5807670189978271,0.023344049810152034,1.7399804496578689e-06
348,-0.546218487394958,-0.5793510165602669,0.033132529165308844,1.7595307917888562e-06
349,-0.5518207282913166,-0.5779336858577754,0.026112957566458816,1.7497556207233624e-06
350,-0.5518207282913166,-0.5765150256443888,0.02469429735307227,1.7497556207233624e-06
351,-0.5182072829131654,-0.5750950346729746,0.0568877517598092,1.8084066471163243e-06
352,-0.5406162464985995,-0.5736737116952305,0.033057465196631,1.7693059628543498e-06
353,-0.5294117647058825,-0.5722510554616831,0.04283929075580062,1.788856304985337e-06
354,-0.535014005602241,-0.5708270647216869,0.03581305911944588,1.7790811339198434e-06
355,-0.5406162464985995,-0.5694017382234234,0.02878549172482392,1.7693059628543498e-06
356,-0.5294117647058825,-0.5679750747139,0.03856331000801749,1.788856304985337e-06
357,-0.535014005602241,-0.5665470729389482,0.03153306733670724,1.7790811339198434e-06
358,-0.523809523809524,-0.5651177316432237,0.041308207833699706,1.7986314760508307e-06
359,-0.535014005602241,-0.5636870495702041,0.028673043967963108,1.7790811339198434e-06
360,-0.5294117647058825,-0.5622550254621886,0.03284326075630617,1.788856304985337e-06
361,-0.523809523809524,-0.5608216580602967,0.037012134250772766,1.7986314760508307e-06
362,-0.5070028011204482,-0.5593869461044668,0.052384144984018666,1.8279569892473119e-06
363,-0.523809523809524,-0.5579508883334555,0.03414136452393157,1.7986314760508307e-06
364,-0.5182072829131654,-0.5565134834848362,0.03830620057167078,1.8084066471163243e-06
365,-0.5126050420168069,-0.5550747302949981,0.0424696882781912,1.8181818181818179e-06
366,-0.5182072829131654,-0.553634627499145,0.035427344585979625,1.8084066471163243e-06
367,-0.5070028011204482,-0.5521931738312945,0.04519037271084636,1.8279569892473119e-06
368,-0.5126050420168069,-0.5507503680242766,0.03814532600746967,1.8181818181818179e-06
369,-0.5070028011204482,-0.5493062088097324,0.0423034076892842,1.8279569892473119e-06
370,-0.5126050420168069,-0.5478606949181134,0.0352556529013065,1.8181818181818179e-06
371,-0.4957983193277311,-0.5464138250786804,0.05061550575094931,1.847507331378299e-06
372,-0.5014005602240896,-0.544965598019502,0.04356503779541232,1.8377321603128054e-06
373,-0.5070028011204482,-0.5435160124674535,0.03651321134700536,1.8279569892473119e-06
374,-0.4901960784313727,-0.5420650671482165,0.051868988716843756,1.8572825024437924e-06
375,-0.5014005602240896,-0.5406127607862766,0.039212200562186994,1.8377321603128054e-06
376,-0.4901960784313727,-0.5391590921049234,0.048963013673550715,1.8572825024437924e-06
377,-0.4957983193277311,-0.5377040598262486,0.041905740498517474,1.847507331378299e-06
378,-0.48459383753501395,-0.5362476626711453,0.05165382513613137,1.8670576735092864e-06
379,-0.48459383753501395,-0.5347898993593069,0.050196061824292926,1.8670576735092864e-06
380,-0.48459383753501395,-0.5333307686092255,0.04873693107421151,1.8670576735092864e-06
381,-0.47899159663865554,-0.5318702691381912,0.052878672499535706,1.87683284457478e-06
382,-0.48459383753501395,-0.5304083996622911,0.04581456212727719,1.8670576735092864e-06
383,-0.473389355742297,-0.5289451588964077,0.05555580315411068,1.8866080156402735e-06
384,-0.47899159663865554,-0.527480545554218,0.048488948915562435,1.87683284457478e-06
385,-0.473389355742297,-0.5260145583481926,0.05262520260589554,1.8866080156402735e-06
386,-0.473389355742297,-0.524547195989594,0.05115784024729697,1.8866080156402735e-06
387,-0.47899159663865554,-0.5230784571884762,0.044086860549820694,1.87683284457478e-06
388,-0.473389355742297,-0.521608340653683,0.04821898491138599,1.8866080156402735e-06
389,-0.45658263305322133,-0.520136845092847,0.06355421203962563,1.9159335288367544e-06
390,-0.4677871148459384,-0.5186639692123884,0.050876854366450064,1.8963831867057673e-06
391,-0.4677871148459384,-0.5171897117175144,0.049402596871576,1.8963831867057673e-06
392,-0.4901960784313727,-0.5157140713122171,0.025517992880844442,1.8572825024437924e-06
393,-0.46218487394957986,-0.5142370466992734,0.05205217274969354,1.9061583577712609e-06
394,-0.45658263305322133,-0.5127586365802429,0.05617600352702157,1.9159335288367544e-06
395,-0.46218487394957986,-0.5112788396554675,0.04909396570588764,1.9061583577712609e-06
396,-0.45658263305322133,-0.50979765462407,0.053215021570848675,1.9159335288367544e-06
397,-0.4453781512605042,-0.5083150801839527,0.06293692892344849,1.935483870967742e-06
398,-0.4509803921568629,-0.5068311150317966,0.055850722874933645,1.925708699902248e-06
399,-0.43977591036414565,-0.5053457578630601,0.06556984749891448,1.9452590420332356e-06
400,-0.4509803921568629,-0.5038590073719781,0.052878615215115166,1.925708699902248e-06
401,-0.4285714285714286,-0.5023708622515604,0.07379943368013175,1.9648093841642227e-06
402,-0.4341736694677871,-0.5008813211935907,0.06670765172580362,1.955034213098729e-06
403,-0.4341736694677871,-0.49939038288862597,0.06521671342083885,1.955034213098729e-06
404,-0.43977591036414565,-0.4978980460259944,0.05812213566184876,1.9452590420332356e-06
405,-0.43977591036414565,-0.49640430929379503,0.05662839892964938,1.9452590420332356e-06
406,-0.4285714285714286,-0.4949091713788961,0.06633774280746751,1.9648093841642227e-06
407,-0.43977591036414565,-0.4934126309669343,0.05363672060278862,1.9452590420332356e-06
408,-0.4285714285714286,-0.4919146867423131,0.06334325817088449,1.9648093841642227e-06
409,-0.4341736694677871,-0.49041533738820214,0.05624166792041502,1.955034213098729e-06
410,-0.41736694677871167,-0.4889145815865357,0.07154763480782406,1.98435972629521e-06
411,-0.4285714285714286,-0.4874124180180118,0.05884098944658317,1.9648093841642227e-06
412,-0.41736694677871167,-0.48590884536209067,0.068541898583379,1.98435972629521e-06
413,-0.41736694677871167,-0.484403862296994,0.06703691551828234,1.98435972629521e-06
414,-0.4341736694677871,-0.4828974674997036,0.048723798031916454,1.955034213098729e-06
415,-0.41176470588235314,-0.4813896596459601,0.06962495376360694,1.9941348973607034e-06
416,-0.41736694677871167,-0.4798804374102621,0.06251349063155043,1.98435972629521e-06
417,-0.4061624649859944,-0.47836979946586466,0.07220733447987027,2.0039100684261974e-06
418,-0.41736694677871167,-0.47685774448477847,0.0594907977060668,1.98435972629521e-06
419,-0.41176470588235314,-0.4753442711377684,0.06357956525541525,1.9941348973607034e-06
420,-0.4061624649859944,-0.47382937809435244,0.06766691310835804,2.0039100684261974e-06
421,-0.4061624649859944,-0.47231306402280065,0.06615059903680626,2.0039100684261974e-06
422,-0.4061624649859944,-0.47079532759013376,0.06463286260413936,2.0039100684261974e-06
423,-0.4061624649859944,-0.46927616746212214,0.06311370247612774,2.0039100684261974e-06
424,-0.39495798319327735,-0.4677555823032846,0.07279759911000727,2.0234604105571846e-06
425,-0.4005602240896359,-0.4662335707768873,0.06567334668725144,2.013685239491691e-06
426,-0.3893557422969188,-0.4647101315449424,0.07535438924802357,2.033235581622678e-06
427,-0.39495798319327735,-0.46318526326820697,0.06822728007492962,2.0234604105571846e-06
428,-0.3837535014005601,-0.46165896460618183,0.07790546320562175,2.043010752688172e-06
429,-0.3893557422969188,-0.46013123421711044,0.07077549192019161,2.033235581622678e-06
430,-0.39495798319327735,-0.45860207075797754,0.06364408756470019,2.0234604105571846e-06
431,-0.3781512605042019,-0.4570714728845081,0.07892021238030622,2.0527859237536653e-06
432,-0.3893557422969188,-0.45553943925116613,0.0661836969542473,2.033235581622678e-06
433,-0.37254901960784337,-0.4540059685111535,0.08145694890331012,2.062561094819159e-06
434,-0.3893557422969188,-0.45247105931640863,0.0631153170194898,2.033235581622678e-06
435,-0.3781512605042019,-0.4509347103176055,0.07278344981340362,2.0527859237536653e-06
436,-0.3781512605042019,-0.4493969201641524,0.0712456596599505,2.0527859237536653e-06
437,-0.37254901960784337,-0.4478576875041905,0.07530866789634716,2.062561094819159e-06
438,-0.3669467787114846,-0.4463170109845932,0.07937023227310858,2.072336265884653e-06
439,-0.37254901960784337,-0.4447748892509643,0.07222586964312094,2.062561094819159e-06
440,-0.3613445378151261,-0.4432313209476374,0.0818867831325113,2.0821114369501464e-06
441,-0.37254901960784337,-0.44168630471767417,0.0691372851098308,2.062561094819159e-06
442,-0.35014005602240916,-0.44013983920286365,0.08999978318045448,2.1016617790811336e-06
443,-0.3557422969187676,-0.43859192304372063,0.08284962612495306,2.09188660801564e-06
444,-0.35014005602240916,-0.43704255487948485,0.08690249885707568,2.1016617790811336e-06
445,-0.3613445378151261,-0.4354917333481194,0.07414719553299332,2.0821114369501464e-06
446,-0.3613445378151261,-0.4339394570863099,0.07259491927118378,2.0821114369501464e-06
447,-0.3445378151260504,-0.43238572472946296,0.08784790960341254,2.1114369501466276e-06
448,-0.3557422969187676,-0.43083053491170537,0.07508823799293779,2.09188660801564e-06
449,-0.3445378151260504,-0.4292738862658825,0.08473607113983206,2.1114369501466276e-06
450,-0.35014005602240916,-0.42771577742355726,0.0775757214011481,2.1016617790811336e-06
451,-0.3389355742296919,-0.42615620701500906,0.08722063278531716,2.121212121212121e-06
452,-0.3445378151260504,-0.42459517366923233,0.08005735854318191,2.1114369501466276e-06
453,-0.33333333333333337,-0.4230326760139355,0.08969934268060215,2.1309872922776147e-06
454,-0.33333333333333337,-0.4214687126755398,0.08813537934220644,2.1309872922776147e-06
455,-0.3389355742296919,-0.41990328227917784,0.08096770804948594,2.121212121212121e-06
456,-0.33333333333333337,-0.4183363834486927,0.0850030501153593,2.1309872922776147e-06
457,-0.33333333333333337,-0.4167680148066364,0.08343468147330302,2.1309872922776147e-06
458,-0.3221288515406163,-0.41519817497426903,0.0930693234336527,2.150537634408602e-06
459,-0.33333333333333337,-0.41362686257155734,0.08029352923822397,2.1309872922776147e-06
460,-0.3165266106442579,-0.4120540762171735,0.09552746557291558,2.1603128054740954e-06
461,-0.32773109243697485,-0.4104798145284939,0.08274872209151907,2.1407624633431083e-06
462,-0.3221288515406163,-0.4089040761215981,0.0867752245809818,2.150537634408602e-06
463,-0.3165266106442579,-0.4073268596112674,0.0908002489670095,2.1603128054740954e-06
464,-0.3221288515406163,-0.40574816361098376,0.08361931207036744,2.150537634408602e-06
465,-0.3109243697478994,-0.4041679867329285,0.09324361698502909,2.170087976539589e-06
466,-0.3165266106442579,-0.4025863275879811,0.08605971694372316,2.1603128054740954e-06
467,-0.30532212885154064,-0.401003184785718,0.09568105593417736,2.179863147605083e-06
468,-0.3109243697478994,-0.3994185569344114,0.08849418718651203,2.170087976539589e-06
469,-0.2997198879551821,-0.3978324426410281,0.09811255468584595,2.1896383186705766e-06
470,-0.3109243697478994,-0.3962448405112279,0.0853204707633285,2.170087976539589e-06
471,-0.2997198879551821,-0.39465574914936286,0.09493586119418074,2.1896383186705766e-06
472,-0.2941176470588236,-0.3930651671584759,0.0989475200996523,2.19941348973607e-06
473,-0.2997198879551821,-0.39147309314029943,0.09175320518511731,2.1896383186705766e-06
474,-0.2773109243697479,-0.38987952569525425,0.11256860132550633,2.2287390029325513e-06
475,-0.3109243697478994,-0.3882844634224484,0.07736009367454899,2.170087976539589e-06
476,-0.2829131652661063,-0.38668790491967564,0.10377473965356931,2.2189638318670577e-06
477,-0.2997198879551821,-0.3850898487834146,0.0853699608282325,2.1896383186705766e-06
478,-0.30532212885154064,-0.3834902936088273,0.07816816475728666,2.179863147605083e-06
479,-0.28851540616246485,-0.3818892379897579,0.09337383182729303,2.209188660801564e-06
480,-0.28851540616246485,-0.38028668051873155,0.0917712743562667,2.209188660801564e-06
481,-0.2773109243697479,-0.37868261978695317,0.10137169541720525,2.2287390029325513e-06
482,-0.2829131652661063,-0.37707705438430617,0.09416388911819984,2.2189638318670577e-06
483,-0.2717086834733894,-0.3754699828993512,0.1037612994259618,2.238514173998045e-06
484,-0.2829131652661063,-0.37386140391932493,0.0909482386532186,2.2189638318670577e-06
485,-0.26610644257703087,-0.37225131603013883,0.10614487345310797,2.2482893450635384e-06
486,-0.2717086834733894,-0.3706397178163779,0.0989310343429885,2.238514173998045e-06
487,-0.26050420168067234,-0.3690266078612993,0.10852240618062697,2.258064516129032e-06
488,-0.2773109243697479,-0.36741198474683145,0.09010106037708354,2.2287390029325513e-06
489,-0.26610644257703087,-0.36579584705357243,0.09968940447654157,2.2482893450635384e-06
490,-0.2549019607843138,-0.3641781933607888,0.10927623257647501,2.2678396871945255e-06
491,-0.2717086834733894,-0.3625590222464146,0.09085033877302523,2.238514173998045e-06
492,-0.24929971988795507,-0.3609383322870498,0.11163861239909473,2.2776148582600195e-06
493,-0.26050420168067234,-0.35931612205795915,0.09881192037728681,2.258064516129032e-06
494,-0.24369747899159666,-0.357692390133071,0.11399491114147436,2.287390029325513e-06
495,-0.24929971988795507,-0.356067135084976,0.10676741519702093,2.2776148582600195e-06
496,-0.24929971988795507,-0.35444035548492575,0.10514063559697068,2.2776148582600195e-06
497,-0.23249299719887961,-0.35281204990283166,0.12031905270395205,2.3069403714565003e-06
498,-0.24929971988795507,-0.35118221690726376,0.10188249701930868,2.2776148582600195e-06
499,-0.24369747899159666,-0.3495508550654492,0.10585337607385253,2.287390029325513e-06
500,-0.24369747899159666,-0.34791796294327126,0.1042204839516746,2.287390029325513e-06
501,-0.23249299719887961,-0.3462835391052679,0.11379054190638827,2.3069403714565003e-06
502,-0.23809523809523814,-0.3446475821146305,0.10655234401939234,2.2971652003910067e-06
503,-0.23249299719887961,-0.34301009053320275,0.11051709333432314,2.3069403714565003e-06
504,-0.22689075630252087,-0.3413710629214793,0.11448030661895842,2.3167155425219943e-06
505,-0.22689075630252087,-0.33973049783860443,0.11283974153608356,2.3167155425219943e-06
506,-0.18207282913165268,-0.3380883938423709,0.1560155647107182,2.3949169110459433e-06
507,-0.22689075630252087,-0.33644474948921854,0.10955399318669767,2.3167155425219943e-06
508,-0.23249299719887961,-0.33479956333423316,0.10230656613535355,2.3069403714565003e-06
509,-0.22689075630252087,-0.3331528339311451,0.10626207762862422,2.3167155425219943e-06
510,-0.21568627450980415,-0.33150455983232807,0.11581828532252392,2.336265884652981e-06
511,-0.22689075630252087,-0.32985473958879796,0.1029639832862771,2.3167155425219943e-06
512,-0.21568627450980415,-0.3282033717502113,0.11251709724040715,2.336265884652981e-06
513,-0.21568627450980415,-0.3265504548648642,0.11086418035506007,2.336265884652981e-06
514,-0.2100840336134454,-0.32489598747969106,0.11481195386624565,2.346041055718475e-06
515,-0.21568627450980415,-0.3232399681402631,0.10755369363045897,2.336265884652981e-06
516,-0.21568627450980415,-0.3215823953907875,0.10589612088098332,2.336265884652981e-06
517,-0.20448179271708689,-0.3199232677741055,0.11544147505701863,2.3558162267839685e-06
518,-0.2100840336134454,-0.3182625838316918,0.1081785502182464,2.346041055718475e-06
519,-0.19327731092436984,-0.3166003421036528,0.12332303117928295,2.3753665689149557e-06
520,-0.19887955182072836,-0.3149365411287254,0.11605698930799702,2.365591397849462e-06
521,-0.19327731092436984,-0.31327117944427585,0.11999386851990601,2.3753665689149557e-06
522,-0.19887955182072836,-0.31160425558629845,0.11272470376557009,2.365591397849462e-06
523,-0.19327731092436984,-0.3099357680894141,0.11665845716504425,2.3753665689149557e-06
524,-0.18207282913165268,-0.30826571548686915,0.12619288635521647,2.3949169110459433e-06
525,-0.19887955182072836,-0.30659409631053414,0.10771454448980577,2.365591397849462e-06
526,-0.18207282913165268,-0.30492090909090236,0.12284807995924968,2.3949169110459433e-06
527,-0.1876750700280111,-0.3032461523570887,0.11557108232907759,2.3851417399804497e-06
528,-0.18207282913165268,-0.30156982463682824,0.11949699550517556,2.3949169110459433e-06
529,-0.18207282913165268,-0.29989192445647517,0.11781909532482249,2.3949169110459433e-06
530,-0.17647058823529416,-0.2982124503410012,0.12174186210570703,2.404692082111437e-06
531,-0.17086834733893563,-0.2965314008139944,0.12566305347505874,2.4144672531769304e-06
532,-0.17647058823529416,-0.29484877439765794,0.11837818616236379,2.404692082111437e-06
533,-0.1652661064425771,-0.29316456961280885,0.12789846317023174,2.424242424242424e-06
534,-0.17647058823529416,-0.2914787849788765,0.11500819674358237,2.404692082111437e-06
535,-0.1652661064425771,-0.2897914190139016,0.12452531257132449,2.424242424242424e-06
536,-0.15406162464986017,-0.28810247023453445,0.13404084558467427,2.443792766373411e-06
537,-0.1596638655462186,-0.28641193715603414,0.12674807160981555,2.4340175953079175e-06
538,-0.15406162464986017,-0.28471981829226695,0.13065819364240677,2.443792766373411e-06
539,-0.15406162464986017,-0.28302611215570506,0.12896448750584488,2.443792766373411e-06
540,-0.15406162464986017,-0.28133081725742537,0.1272691926075652,2.443792766373411e-06
541,-0.1596638655462186,-0.2796339321071081,0.11997006656088949,2.4340175953079175e-06
542,-0.1428571428571429,-0.2779354552130354,0.13507831235589252,2.4633431085043987e-06
543,-0.15406162464986017,-0.2762353850820903,0.1221737604322301,2.443792766373411e-06
544,-0.1428571428571429,-0.27453372021975503,0.13167657736261212,2.4633431085043987e-06
545,-0.14845938375350143,-0.27283045913011006,0.12437107537660863,2.453567937438905e-06
546,-0.1428571428571429,-0.27112560031583255,0.12826845745868964,2.4633431085043987e-06
547,-0.14845938375350143,-0.26941914227819513,0.1209597585246937,2.453567937438905e-06
548,-0.1428571428571429,-0.2677110835170646,0.12485394065992167,2.4633431085043987e-06
549,-0.13165266106442586,-0.2660014225309005,0.13434876146647462,2.482893450635386e-06
550,-0.10364145658263313,-0.26429015781675397,0.16064870123412084,2.531769305962854e-06
551,-0.1260504201680671,-0.26257728787026624,0.13652686770219913,2.49266862170088e-06
552,-0.13165266106442586,-0.26086281118566745,0.1292101501212416,2.482893450635386e-06
553,-0.1260504201680671,-0.2591467262557753,0.13309630608770817,2.49266862170088e-06
554,-0.1260504201680671,-0.25742903157199354,0.13137861140392643,2.49266862170088e-06
555,-0.1260504201680671,-0.25570972562431094,0.12965930545624382,2.49266862170088e-06
556,-0.12044817927170859,-0.25398880690129977,0.13354062762959118,2.5024437927663734e-06
557,-0.1260504201680671,-0.2522662738901146,0.12621585372204747,2.49266862170088e-06
558,-0.10924369747899165,-0.2505421250764907,0.14129842759749905,2.5219941348973605e-06
559,-0.11484593837535018,-0.24881635894474313,0.13397042056939296,2.512218963831867e-06
560,-0.10924369747899165,-0.24708897397776503,0.13784527649877337,2.5219941348973605e-06
561,-0.12044817927170859,-0.2453599686570265,0.12491178938531791,2.5024437927663734e-06
562,-0.10924369747899165,-0.24362934146257317,0.13438564398358152,2.5219941348973605e-06
563,-0.10364145658263313,-0.2418970908730249,0.13825563429039178,2.531769305962854e-06
564,-0.10364145658263313,-0.24016321536557447,0.13652175878294134,2.531769305962854e-06
565,-0.10364145658263313,-0.23842771341598618,0.13478625683335305,2.531769305962854e-06
566,-0.10924369747899165,-0.2366905834985945,0.12744688601960286,2.5219941348973605e-06
567,-0.09243697478991608,-0.23495182408630286,0.14251484929638678,2.5513196480938412e-06
568,-0.10364145658263313,-0.2332114336505821,0.12956997706794898,2.531769305962854e-06
569,-0.08683473389355734,-0.23146941066146937,0.14463467676791203,2.5610948191593352e-06
570,-0.10364145658263313,-0.22972575358756653,0.1260842970049334,2.531769305962854e-06
571,-0.08123249299719892,-0.227980460896039,0.14674796789884006,2.570869990224829e-06
572,-0.08683473389355734,-0.22623353105261432,0.13939879715905698,2.5610948191593352e-06
573,-0.05882352941176483,-0.22448496252158084,0.16566143310981601,2.609970674486803e-06
574,-0.0756302521008404,-0.22273475376578636,0.14710450166494596,2.5806451612903224e-06
575,-0.08683473389355734,-0.22098290324663675,0.1341481693530794,2.5610948191593352e-06
576,-0.08123249299719892,-0.2192294094240946,0.13799691642689568,2.570869990224829e-06
577,-0.08123249299719892,-0.21747427075667794,0.13624177775947902,2.570869990224829e-06
578,-0.07002801120448188,-0.2157174857014588,0.14568947449697692,2.590420332355816e-06
579,-0.0756302521008404,-0.21395905271406185,0.13832880061322145,2.5806451612903224e-06
580,-0.05882352941176483,-0.21219897024866316,0.15337544083689833,2.609970674486803e-06
581,-0.05882352941176483,-0.21043723675798867,0.15161370734622384,2.609970674486803e-06
582,-0.07002801120448188,-0.20867385069331298,0.1386458394888311,2.590420332355816e-06
583,-0.05882352941176483,-0.20690881050445792,0.1480852810926931,2.609970674486803e-06
584,-0.06442577030812335,-0.20514211463979115,0.1407163443316678,2.6001955034213095e-06
585,-0.05322128851540642,-0.20337376154622486,0.15015247303081844,2.6197458455522967e-06
586,-0.05882352941176483,-0.2016037496692144,0.14278022025744957,2.609970674486803e-06
587,-0.05322128851540642,-0.19983207745275688,0.14661078893735047,2.6197458455522967e-06
588,-0.04761904761904767,-0.19805874333938983,0.15043969572034216,2.6295210166177907e-06
589,-0.05322128851540642,-0.1962837457701898,0.1430624572547834,2.6197458455522967e-06
590,-0.04201680672268915,-0.19450708318477106,0.1524902764620819,2.6392961876832842e-06
591,-0.05322128851540642,-0.1927287540212841,0.13950746550587767,2.6197458455522967e-06
592,-0.036414565826330625,-0.19094875671641437,0.15453419089008374,2.649071358748778e-06
593,-0.04201680672268915,-0.18916708970538093,0.14715028298269178,2.6392961876832842e-06
594,-0.0308123249299721,-0.18738375142193492,0.15657142649196282,2.6588465298142714e-06
595,-0.04201680672268915,-0.18559874029835835,0.1435819335756692,2.6392961876832842e-06
596,-0.036414565826330625,-0.1838120547654626,0.147397488939132,2.649071358748778e-06
597,-0.0308123249299721,-0.18202369325258713,0.15121136832261503,2.6588465298142714e-06
598,-0.036414565826330625,-0.180233654187598,0.1438190883612674,2.649071358748778e-06
599,-0.025210084033613356,-0.17844193599688665,0.1532318519632733,2.6686217008797654e-06
600,-0.0308123249299721,-0.17664853710536832,0.14583621217539622,2.6588465298142714e-06
601,-0.025210084033613356,-0.1748534559364808,0.14964337190286744,2.6686217008797654e-06
602,-0.04201680672268915,-0.17305669091218298,0.13103988418949383,2.6392961876832842e-06
603,-0.019607843137254832,-0.17125824045295351,0.15165039731569868,2.678396871945259e-06
604,-0.01400560224089642,-0.1694581029777894,0.15545250073689298,2.6881720430107525e-06
605,-0.008403361344537896,-0.1676562769042046,0.1592529155596667,2.697947214076246e-06
606,-0.01400560224089642,-0.1658527606482286,0.15184715840733218,2.6881720430107525e-06
607,-0.01400560224089642,-0.16404755262440512,0.1500419503835087,2.6881720430107525e-06
608,-0.008403361344537896,-0.16224065124579062,0.15383728990125273,2.697947214076246e-06
609,-0.008403361344537896,-0.16043205492395296,0.15202869357941506,2.697947214076246e-06
610,0.0028011204481790397,-0.15862176206896997,0.161422882517149,2.7174975562072332e-06
611,-0.008403361344537896,-0.1568097710894281,0.1484064097448902,2.697947214076246e-06
612,-0.0028011204481793728,-0.154996080392421,0.15219495994424162,2.7077223851417397e-06
613,-0.008403361344537896,-0.15318068838354806,0.14477732703901017,2.697947214076246e-06
614,-0.008403361344537896,-0.15136359346691314,0.14296023212237524,2.697947214076246e-06
615,0.014005602240896309,-0.149544794045123,0.1635503962860193,2.737047898338221e-06
616,0.0028011204481790397,-0.14772428851928604,0.15052540896746508,2.7174975562072332e-06
617,0.019607843137254832,-0.14590207528901084,0.16550991842626567,2.7468230694037144e-06
618,0.014005602240896309,-0.1440781527524047,0.15808375499330102,2.737047898338221e-06
619,0.019607843137254832,-0.14225251930607236,0.1618603624433272,2.7468230694037144e-06
620,0.014005602240896309,-0.14042517334511442,0.15443077558601073,2.737047898338221e-06
621,0.025210084033613356,-0.13859611326312613,0.16380619729673948,2.756598240469208e-06
622,0.008403361344537563,-0.13676533745219577,0.14516869879673333,2.727272727272727e-06
623,0.0308123249299721,-0.1349328443029034,0.1657451692328755,2.766373411534702e-06
624,0.0308123249299721,-0.13309863220431936,0.16391095713429146,2.766373411534702e-06
625,0.019607843137254832,-0.13126269954400288,0.1508705426812577,2.7468230694037144e-06
626,0.0308123249299721,-0.12942504470800065,0.16023736963797275,2.766373411534702e-06
627,0.0308123249299721,-0.12758566608084543,0.15839799101081753,2.766373411534702e-06
628,0.036414565826330625,-0.1257445620455546,0.16215912787188522,2.7761485826001955e-06
629,0.0308123249299721,-0.12390173098362871,0.15471405591360082,2.766373411534702e-06
630,0.042016806722688926,-0.12205717127505016,0.1640739779977391,2.7859237536656887e-06
631,0.04761904761904745,-0.12021088129828165,0.16782992891732912,2.7956989247311822e-06
632,0.036414565826330625,-0.11836285943026488,0.1547774252565955,2.7761485826001955e-06
633,0.05882352941176472,-0.11651310404641901,0.17533663345818373,2.81524926686217e-06
634,0.053221288515406195,-0.11466161352063929,0.1678829020360455,2.8054740957966762e-06
635,0.06442577030812302,-0.11280838622529563,0.17723415653341865,2.8250244379276634e-06
636,0.04761904761904745,-0.11095342053123115,0.1585724681502786,2.7956989247311822e-06
637,0.05882352941176472,-0.10909671480776077,0.1679202442195255,2.81524926686217e-06
638,0.05882352941176472,-0.10723826742266976,0.16606179683443448,2.81524926686217e-06
639,0.05882352941176472,-0.10537807674221229,0.164201606153977,2.81524926686217e-06
640,0.06442577030812302,-0.10351614113111006,0.1679419114392331,2.8250244379276634e-06
641,0.05882352941176472,-0.10165245895255076,0.16047598836431548,2.81524926686217e-06
642,0.07563025210084029,-0.09978702856818673,0.175417280669027,2.844574780058651e-06
643,0.06442577030812302,-0.09791984833813346,0.16234561864625646,2.8250244379276634e-06
644,0.07002801120448177,-0.09605091662096815,0.16607892782544992,2.8347996089931574e-06
645,0.053221288515406195,-0.0941802317737283,0.1474015202891345,2.8054740957966762e-06
646,0.08123249299719881,-0.09230779215191026,0.17354028514910907,2.8543499511241445e-06
647,0.08683473389355734,-0.09043359610946775,0.17726833000302508,2.864125122189638e-06
648,0.07563025210084029,-0.08855764199881043,0.16418789409965073,2.844574780058651e-06
649,0.08683473389355734,-0.08667992817080249,0.17351466206435984,2.864125122189638e-06
650,0.07563025210084029,-0.08480045297476113,0.16043070507560142,2.844574780058651e-06
651,0.09243697478991586,-0.08291921475845518,0.17535618954837104,2.8739002932551316e-06
652,0.08123249299719881,-0.08103621186810357,0.16226870486530237,2.8543499511241445e-06
653,0.0980392156862746,-0.07915144264837397,0.1771906583346486,2.8836754643206252e-06
654,0.08123249299719881,-0.07726490544238124,0.15849739843958005,2.8543499511241445e-06
655,0.09243697478991586,-0.07537659859168605,0.1678135733816019,2.8739002932551316e-06
656,0.0980392156862746,-0.07348652043629338,0.171525736122568,2.8836754643206252e-06
657,0.05882352941176472,-0.07159466931465104,0.13041819872641575,2.81524926686217e-06
658,0.10924369747899143,-0.0697010435636483,0.17894474104263974,2.9032258064516128e-06
659,0.0980392156862746,-0.06780564151861432,0.16584485720488892,2.8836754643206252e-06
660,0.11484593837534995,-0.06590846151331674,0.1807543998886667,2.9130009775171064e-06
661,0.10364145658263291,-0.06400950187996024,0.16765095846259315,2.893450635386119e-06
662,0.11484593837534995,-0.06210876094918501,0.17695469932453495,2.9130009775171064e-06
663,0.10924369747899143,-0.06020623705006533,0.16944993452905677,2.9032258064516128e-06
664,0.12044817927170848,-0.05830192851010809,0.17875010778181658,2.9227761485826e-06
665,0.10924369747899143,-0.05639583365525132,0.16563953113424273,2.9032258064516128e-06
666,0.11484593837534995,-0.0544879508098627,0.16933388918521264,2.9130009775171064e-06
667,0.13165266106442597,-0.05257827829673811,0.18423093936116408,2.9423264907135875e-06
668,0.12044817927170848,-0.05066681443710015,0.17111499370880862,2.9227761485826e-06
669,0.13165266106442597,-0.04875355755059667,0.18040621861502265,2.9423264907135875e-06
670,0.126050420168067,-0.04683850595529926,0.17288892612336626,2.9325513196480935e-06
671,0.13165266106442597,-0.04492165796770182,0.17657431903212778,2.9423264907135875e-06
672,0.1372549019607845,-0.043003011902719046,0.18025791386350354,2.952101661779081e-06
673,0.1372549019607845,-0.04108256607368497,0.17833746803446945,2.952101661779081e-06
674,0.1372549019607845,-0.03916031879235145,0.17641522075313593,2.952101661779081e-06
675,0.1372549019607845,-0.0372362683688867,0.1744911703296712,2.952101661779081e-06
676,0.14845938375350154,-0.035310413111873835,0.18376979686537537,2.971652003910068e-06
677,0.14285714285714302,-0.033382751328309326,0.17623989418545233,2.9618768328445746e-06
678,0.15406162464986006,-0.03145328132360155,0.1855149059734616,2.9814271749755618e-06
679,0.14285714285714302,-0.029522001401569294,0.1723791442587123,2.9618768328445746e-06
680,0.14845938375350154,-0.027588909864440268,0.1760482936179418,2.971652003910068e-06
681,0.14845938375350154,-0.025654005012849593,0.17411338876635113,2.971652003910068e-06
682,0.14845938375350154,-0.02371728514583833,0.17217666889933986,2.971652003910068e-06
683,0.1652661064425771,-0.021778748560851966,0.18704485500342907,3.0009775171065493e-06
684,0.14285714285714302,-0.01983839355373894,0.16269553641088197,2.9618768328445746e-06
685,0.1708683473389354,-0.017896218418749114,0.18876456575768452,3.0107526881720425e-06
686,0.1596638655462186,-0.015952221448532304,0.1756160869947509,2.9912023460410554e-06
687,0.1708683473389354,-0.014006400934136761,0.18487474827307218,3.0107526881720425e-06
688,0.1708683473389354,-0.012058755165007672,0.1829271025039431,3.0107526881720425e-06
689,0.17647058823529393,-0.010109282428985658,0.18657987066427958,3.0205278592375365e-06
690,0.17647058823529393,-0.00815798101230527,0.1846285692475992,3.0205278592375365e-06
691,0.1708683473389354,-0.006204849199593479,0.17707319653852888,3.0107526881720425e-06
692,0.17647058823529393,-0.004249885273868171,0.1807204735091621,3.0205278592375365e-06
693,0.1708683473389354,-0.0022930875165366378,0.17316143485547206,3.0107526881720425e-06
694,0.1932773109243695,-0.0003344542073940621,0.19361176513176356,3.049853372434017e-06
695,0.1820728291316529,0.00162601637537799,0.18044681275627492,3.0303030303030305e-06
696,0.18767507002801098,0.0035883259552130856,0.1840867440727979,3.0400782013685236e-06
697,0.1932773109243695,0.005552476257161438,0.18772483466720807,3.049853372434017e-06
698,0.18767507002801098,0.007518469007891424,0.18015660102011954,3.0400782013685236e-06
699,0.19887955182072847,0.009486305935691105,0.18939324588503736,3.059628543499511e-06
700,0.1932773109243695,0.011455988770469739,0.18182132215389976,3.049853372434017e-06
701,0.21008403361344552,0.013427519243759307,0.1966565143696862,3.0791788856304983e-06
702,0.19887955182072847,0.015400899088716035,0.18347865273201244,3.059628543499511e-06
703,0.20448179271708655,0.017376130040121916,0.18710566267696463,3.0694037145650043e-06
704,0.20448179271708655,0.019353213834386235,0.18512857888270032,3.0694037145650043e-06
705,0.22128851540616257,0.021332152209547095,0.19995636319661547,3.0987292277614855e-06
706,0.20448179271708655,0.02331294690527295,0.1811688458118136,3.0694037145650043e-06
707,0.21008403361344552,0.025295599662864127,0.1847884339505814,3.0791788856304983e-06
708,0.2268907563025211,0.027280112225254356,0.19961064407726672,3.1085043988269795e-06
709,0.21008403361344552,0.029266486337012315,0.1808175472764332,3.0791788856304983e-06
710,0.2268907563025211,0.03125472374434315,0.19563603255817794,3.1085043988269795e-06
711,0.22128851540616257,0.033244826195090005,0.18804368921107256,3.0987292277614855e-06
712,0.2324929971988794,0.03523679543873559,0.1972562017601438,3.1182795698924726e-06
713,0.2324929971988794,0.03723063322640368,0.1952623639724757,3.1182795698924726e-06
714,0.2324929971988794,0.039226341310860675,0.19326665588801872,3.1182795698924726e-06
715,0.23809523809523792,0.041223921446517146,0.19687131664872076,3.1280547409579666e-06
716,0.24369747899159644,0.04322337538942936,0.20047410360216708,3.13782991202346e-06
717,0.23809523809523792,0.04522470489730083,0.1928705331979371,3.1280547409579666e-06
718,0.23809523809523792,0.04722791172948387,0.19086732636575404,3.1280547409579666e-06
719,0.24929971988795496,0.04923299764698113,0.20006672224097383,3.1476050830889538e-06
720,0.2324929971988794,0.05123996441244715,0.18125303278643223,3.1182795698924726e-06
721,0.24929971988795496,0.05324881379018992,0.19605090609776504,3.1476050830889538e-06
722,0.24929971988795496,0.0552595475461724,0.19404017234178256,3.1476050830889538e-06
723,0.24929971988795496,0.05727216744801409,0.19202755243994088,3.1476050830889538e-06
724,0.2549019607843135,0.05928667526499261,0.1956152855193209,3.1573802541544473e-06
725,0.2549019607843135,0.0613030727680452,0.1935988880162683,3.1573802541544473e-06
726,0.2549019607843135,0.06332136172977033,0.19158059905454317,3.1573802541544473e-06
727,0.26050420168067245,0.06534154392442923,0.19516265775624322,3.1671554252199413e-06
728,0.2717086834733895,0.06736362112794744,0.20434506234544206,3.1867057673509285e-06
729,0.24369747899159644,0.06938759511791642,0.17430988387368002,3.13782991202346e-06
730,0.2717086834733895,0.07141346767359505,0.20029521579979445,3.1867057673509285e-06
731,0.2717086834733895,0.07344124057591123,0.19826744289747827,3.1867057673509285e-06
732,0.2717086834733895,0.07547091560746344,0.19623776786592606,3.1867057673509285e-06
733,0.2773109243697476,0.07750249455252232,0.19980842981722524,3.1964809384164216e-06
734,0.2717086834733895,0.07953597919703222,0.1921727042763573,3.1867057673509285e-06
735,0.2773109243697476,0.08157137132861274,0.19573955304113483,3.1964809384164216e-06
736,0.2773109243697476,0.08360867273656038,0.19370225163318722,3.1964809384164216e-06
737,0.28291316526610655,0.08564788521185004,0.1972652800542565,3.2062561094819156e-06
738,0.2773109243697476,0.08768901054713667,0.1896219138226109,3.1964809384164216e-06
739,0.28851540616246507,0.08973205053675673,0.19878335562570834,3.2160312805474096e-06
740,0.2997198879551819,0.0917770069767299,0.20794288097845198,3.2355816226783968e-06
741,0.28851540616246507,0.09382388166476055,0.19469152449770452,3.2160312805474096e-06
742,0.2997198879551819,0.09587267640023939,0.2038472115549425,3.2355816226783968e-06
743,0.28851540616246507,0.09792339298424502,0.19059201317822005,3.2160312805474096e-06
744,0.3053221288515404,0.09997603321954553,0.2053460956319949,3.2453567937438903e-06
745,0.2997198879551819,0.10203059891060007,0.19768928904458183,3.2355816226783968e-06
746,0.3053221288515404,0.10408709186356044,0.20123503698797998,3.2453567937438903e-06
747,0.3053221288515404,0.10614551388627269,0.19917661496526773,3.2453567937438903e-06
748,0.31652661064425747,0.10820586678827868,0.2083207438559788,3.2649071358748775e-06
749,0.31092436974789894,0.1102681523808177,0.20065621736708122,3.2551319648093835e-06
750,0.31652661064425747,0.11233237247682808,0.20419423816742938,3.2649071358748775e-06
751,0.32212885154061643,0.1143985288909487,0.20773032264966773,3.2746823069403715e-06
752,0.31092436974789894,0.11646662343952069,0.19445774630837825,3.2551319648093835e-06
753,0.3277310924369745,0.11853665794058894,0.20919443449638558,3.2844574780058646e-06
754,0.32212885154061643,0.12060863421390378,0.20152021732671266,3.2746823069403715e-06
755,0.3333333333333335,0.12268255408092249,0.210650779252411,3.2942326490713586e-06
756,0.3277310924369745,0.124758419364811,0.20297267307216352,3.2844574780058646e-06
757,0.3333333333333335,0.12683623189044538,0.2064971014428881,3.2942326490713586e-06
758,0.338935574229692,0.12891599348441354,0.21001958074527846,3.3040078201368526e-06
759,0.3277310924369745,0.1309977059750168,0.1967333864619577,3.2844574780058646e-06
760,0.34453781512605053,0.1330813711922715,0.21145644393377902,3.3137829912023458e-06
761,0.3333333333333335,0.13516699096791057,0.1981663423654229,3.2942326490713586e-06
762,0.34453781512605053,0.13725456713538522,0.2072832479906653,3.3137829912023458e-06
763,0.34453781512605053,0.1393441015298665,0.20519371359618402,3.3137829912023458e-06
764,0.35014005602240905,0.1414355959882469,0.20870446003416215,3.3235581622678393e-06
765,0.3557422969187676,0.14352905234914198,0.2122132445696256,3.333333333333333e-06
766,0.34453781512605053,0.14562447245289203,0.1989133426731585,3.3137829912023458e-06
767,0.3725490196078429,0.14772185814156363,0.2248271614662793,3.3626588465298136e-06
768,0.35014005602240905,0.14982121125895131,0.20031884476345774,3.3235581622678393e-06
769,0.3725490196078429,0.15192253365057912,0.2206264859572638,3.3626588465298136e-06
770,0.34453781512605053,0.15402582716370225,0.19051198796234828,3.3137829912023458e-06
771,0.3669467787114844,0.1561310936473088,0.2108156850641756,3.3528836754643205e-06
772,0.3669467787114844,0.15823833495212114,0.20870844375936326,3.3528836754643205e-06
773,0.3669467787114844,0.16034755293059785,0.20659922578088655,3.3528836754643205e-06
774,0.3725490196078429,0.16245874943693506,0.21009027017090787,3.3626588465298136e-06
775,0.3669467787114844,0.16457192632706827,0.20237485238441613,3.3528836754643205e-06
776,0.3837535014005604,0.16668708545867392,0.2170664159418865,3.3822091886608016e-06
777,0.3669467787114844,0.16880422869117098,0.19814255002031342,3.3528836754643205e-06
778,0.3893557422969185,0.1709233578857227,0.2184323844111958,3.3919843597262948e-06
779,0.37815126050420145,0.17304447490523805,0.2051067855989634,3.3724340175953076e-06
780,0.37815126050420145,0.17516758161437365,0.2029836788898278,3.3724340175953076e-06
781,0.37815126050420145,0.1772926798795351,0.20085858062466636,3.3724340175953076e-06
782,0.39495798319327746,0.17941977156887878,0.21553821162439868,3.4017595307917887e-06
783,0.4061624649859945,0.18154885855231356,0.22461360643368095,3.421309872922776e-06
784,0.3837535014005604,0.18367994270150226,0.20007355869905816,3.3822091886608016e-06
785,0.400560224089636,0.18581302588986343,0.21474719819977256,3.4115347018572823e-06
786,0.39495798319327746,0.18794810999257297,0.2070098732007045,3.4017595307917887e-06
787,0.400560224089636,0.19008519688656578,0.2104750272030702,3.4115347018572823e-06
788,0.41176470588235303,0.19222428845053732,0.2195404174318157,3.4310850439882695e-06
789,0.41176470588235303,0.19436538656494542,0.2173993193174076,3.4310850439882695e-06
790,0.46218487394957997,0.19650849311201185,0.2656763808375681,3.5190615835777125e-06
791,0.41176470588235303,0.1986536099757239,0.21311109590662913,3.4310850439882695e-06
792,0.41736694677871156,0.2008007390418362,0.21656620773687535,3.4408602150537635e-06
793,0.41176470588235303,0.20294988219787224,0.2088148236844808,3.4310850439882695e-06
794,0.4229691876750701,0.2051010413331261,0.21786814634194399,3.4506353861192566e-06
795,0.4229691876750701,0.2072542183386641,0.215714969336406,3.4506353861192566e-06
796,0.4285714285714286,0.20940941510732639,0.21916201346410222,3.4604105571847506e-06
797,0.4229691876750701,0.21156663353372876,0.21140255414134132,3.4506353861192566e-06
798,0.4285714285714286,0.2137258755142642,0.2148455530571644,3.4604105571847506e-06
799,0.4341736694677869,0.21588714294710454,0.21828652652068237,3.4701857282502437e-06
800,0.4285714285714286,0.21805043773220223,0.21052099083922637,3.4604105571847506e-06
801,0.43977591036414543,0.22021576177129193,0.2195601485928535,3.4799608993157377e-06
802,0.43977591036414543,0.22238311696789217,0.21739279339625325,3.4799608993157377e-06
803,0.456582633053221,0.2245525052273071,0.2320301278259139,3.5092864125122185e-06
804,0.4061624649859945,0.22672392845662812,0.1794385365293664,3.421309872922776e-06
805,0.4453781512605044,0.2288973885647355,0.2164807626957689,3.4897360703812317e-06
806,0.4453781512605044,0.23107288746230012,0.21430526379820428,3.4897360703812317e-06
807,0.4509803921568625,0.23325042706178523,0.21772996509507725,3.499511241446725e-06
808,0.456582633053221,0.23543000927744795,0.22115262377577305,3.5092864125122185e-06
809,0.456582633053221,0.23761163602534108,0.21897099702787992,3.5092864125122185e-06
810,0.46778711484593805,0.23979530922331477,0.22799180562262328,3.5288367546432056e-06
811,0.456582633053221,0.24198103079101815,0.21460160226220285,3.5092864125122185e-06
812,0.46778711484593805,0.2441688026499011,0.22361831219603695,3.5288367546432056e-06
813,0.46218487394957997,0.24635862672321585,0.21582624722636412,3.5190615835777125e-06
814,0.46778711484593805,0.24855050493601874,0.2192366099099193,3.5288367546432056e-06
815,0.473389355742297,0.25074443921517187,0.22264491652712515,3.5386119257086996e-06
816,0.473389355742297,0.25294043148934486,0.22044892425295215,3.5386119257086996e-06
817,0.47899159663865554,0.2551384836890164,0.2238531129496391,3.5483870967741936e-06
818,0.473389355742297,0.25733859774647616,0.21605075799582085,3.5386119257086996e-06
819,0.4901960784313726,0.2595407755958263,0.2306553028355463,3.5679374389051807e-06
820,0.47899159663865554,0.2617450191729832,0.21724657746567233,3.5483870967741936e-06
821,0.48459383753501406,0.2639513304156793,0.22064250711933475,3.5581622678396867e-06
822,0.4901960784313726,0.2661597112634647,0.22403636716790787,3.5679374389051807e-06
823,0.4957983193277311,0.2683701636577088,0.22742815567002228,3.577712609970674e-06
824,0.4957983193277311,0.2705826895416022,0.2252156297861289,3.577712609970674e-06
825,0.4901960784313726,0.2727972908601581,0.2173987875712145,3.5679374389051807e-06
826,0.5014005602240894,0.27501396956021434,0.22638659066387506,3.587487781036168e-06
827,0.4957983193277311,0.277232727590435,0.21856559173729612,3.577712609970674e-06
828,0.5070028011204479,0.2794535669013119,0.22754923421913603,3.5972629521016615e-06
829,0.5014005602240894,0.2816764894451667,0.2197240707789227,3.587487781036168e-06
830,0.5070028011204479,0.2839014971761523,0.22310130394429561,3.5972629521016615e-06
831,0.5126050420168065,0.28612859205025476,0.2264764499665517,3.607038123167155e-06
832,0.5126050420168065,0.2883577760252948,0.22424726599151168,3.607038123167155e-06
833,0.529411764705882,0.2905890510609297,0.23882271364495233,3.6363636363636357e-06
834,0.518207282913165,0.29282241911865503,0.22538486379450995,3.6168132942326486e-06
835,0.523809523809524,0.2950578821618063,0.22875164164771766,3.6265884652981426e-06
836,0.518207282913165,0.29729544215556064,0.22091184075760434,3.6168132942326486e-06
837,0.529411764705882,0.29953510106693865,0.22987666363894338,3.6363636363636357e-06
838,0.523809523809524,0.3017768608648061,0.22203266294471785,3.6265884652981426e-06
839,0.535014005602241,0.3040207235198756,0.23099328208236541,3.6461388074291297e-06
840,0.529411764705882,0.30626669100470827,0.22314507370117376,3.6363636363636357e-06
841,0.535014005602241,0.30851476529371574,0.22649924030852525,3.6461388074291297e-06
842,0.546218487394958,0.3107649483631616,0.23545353903179644,3.665689149560117e-06
843,0.523809523809524,0.3130172421911633,0.21079228161836067,3.6265884652981426e-06
844,0.546218487394958,0.31527164875769376,0.23094683863726428,3.665689149560117e-06
845,0.5406162464985995,0.3175281700445833,0.22308807645401624,3.6559139784946237e-06
846,0.5518207282913166,0.31978680803552123,0.23203392025579533,3.675464320625611e-06
847,0.546218487394958,0.3220475647160576,0.22417092267890043,3.665689149560117e-06
848,0.5518207282913166,0.32431044207360504,0.22751028621771152,3.675464320625611e-06
849,0.5574229691876751,0.32657544209744044,0.23084752709023465,3.6852394916911044e-06
850,0.5574229691876751,0.32884256677870666,0.22858040240896843,3.6852394916911044e-06
851,0.5686274509803919,0.3311118181104144,0.2375156328699775,3.7047898338220916e-06
852,0.5686274509803919,0.3333831980874438,0.2352442528929481,3.7047898338220916e-06
853,0.5742296918767504,0.3356567087065464,0.23857298317020403,3.7145650048875847e-06
854,0.5630252100840336,0.3379323519663466,0.22509285811768703,3.695014662756598e-06
855,0.591036414565826,0.34021012986734367,0.25082628469848234,3.743890518084066e-06
856,0.6022408963585435,0.3424900444119135,0.25975085194663,3.763440860215054e-06
857,0.5574229691876751,0.34477209760431016,0.21265087158336493,3.6852394916911044e-06
858,0.5742296918767504,0.3470562914506679,0.22717340042608253,3.7145650048875847e-06
859,0.5742296918767504,0.3493426279590027,0.2248870639177477,3.7145650048875847e-06
860,0.591036414565826,0.35163110913921425,0.23940530542661176,3.743890518084066e-06
861,0.5854341736694679,0.35392173700308743,0.2315124366663805,3.7341153470185727e-06
862,0.591036414565826,0.3562145135642944,0.2348219010015316,3.743890518084066e-06
863,0.5854341736694679,0.3585094408383962,0.22692473283107173,3.7341153470185727e-06
864,0.579831932773109,0.3608065208428445,0.21902541193026448,3.7243401759530787e-06
865,0.596638655462185,0.36310575559698344,0.23353289986520154,3.75366568914956e-06
866,0.596638655462185,0.3654071471220514,0.23123150834013356,3.75366568914956e-06
867,0.607843137254902,0.36771069744118273,0.2401324398137193,3.773216031280547e-06
868,0.596638655462185,0.3700164085794096,0.22662224688277538,3.75366568914956e-06
869,0.6134453781512605,0.3723242825636637,0.24112109558759687,3.7829912023460406e-06
870,0.6022408963585435,0.374634321422778,0.22760657493576547,3.763440860215054e-06
871,0.6134453781512605,0.3769465271874888,0.23649885096377177,3.7829912023460406e-06
872,0.607843137254902,0.37926090189043704,0.22858223536446498,3.773216031280547e-06
873,0.6358543417366944,0.3815774475661705,0.2542768941705239,3.822091886608015e-06
874,0.6246498599439776,0.38389616625114553,0.24075369369283206,3.8025415444770277e-06
875,0.6134453781512605,0.3862170599837286,0.22722831816753197,3.7829912023460406e-06
876,0.6302521008403359,0.38854013080419825,0.24171197003613765,3.8123167155425217e-06
877,0.6302521008403359,0.390865380754747,0.23938672008558887,3.8123167155425217e-06
878,0.6302521008403359,0.393192811879483,0.23705928896085288,3.8123167155425217e-06
879,0.6302521008403359,0.39552242622443173,0.23472967461590416,3.8123167155425217e-06
880,0.6414565826330529,0.39785422583753804,0.2436023567955149,3.831867057673509e-06
881,0.6358543417366944,0.4001882127686678,0.23566612896802663,3.822091886608015e-06
882,0.6358543417366944,0.4025243890696097,0.23332995266708473,3.822091886608015e-06
883,0.6470588235294115,0.40486275679407707,0.2421960667353344,3.8416422287390024e-06
884,0.65266106442577,0.4072033179977098,0.24545774642806018,3.851417399804496e-06
885,0.6358543417366944,0.409546074738076,0.2263082669986184,3.822091886608015e-06
886,0.6470588235294115,0.4118910290746739,0.23516779445473757,3.8416422287390024e-06
887,0.6638655462184875,0.4142381830689335,0.24962736314955397,3.870967741935484e-06
888,0.6470588235294115,0.4165875387842186,0.23047128474519285,3.8416422287390024e-06
889,0.6582633053221285,0.4189390982858285,0.23932420703630003,3.86119257086999e-06
890,0.6638655462184875,0.42129286364099977,0.2425726825774877,3.870967741935484e-06
891,0.6638655462184875,0.4236488369189082,0.24021670929957928,3.870967741935484e-06
892,0.6750700280112045,0.42600702019067055,0.24906300782053398,3.890518084066471e-06
893,0.6638655462184875,0.4283674155293463,0.23549813068914116,3.870967741935484e-06
894,0.6750700280112045,0.4307300250099396,0.2443400030012649,3.890518084066471e-06
895,0.6694677871148456,0.43309485070940107,0.2363729364054445,3.880742913000977e-06
896,0.680672268907563,0.43546189470662944,0.2452103742009336,3.900293255131965e-06
897,0.6862745098039216,0.43783115908247366,0.2484433507214479,3.910068426197458e-06
898,0.6862745098039216,0.44020264591973457,0.246071863884187,3.910068426197458e-06
899,0.6862745098039216,0.44257635730316675,0.24369815250075483,3.910068426197458e-06
900,0.680672268907563,0.44495229531948033,0.23571997358808272,3.900293255131965e-06
901,0.6918767507002801,0.4473304620573429,0.2445462886429372,3.919843597262952e-06
902,0.6862745098039216,0.4497108596073813,0.2365636501965403,3.910068426197458e-06
903,0.680672268907563,0.45209349006218336,0.2285787788453797,3.900293255131965e-06
904,0.6974789915966384,0.4544783555163,0.2430006360803384,3.9296187683284454e-06
905,0.7030812324929969,0.45686545806624684,0.24621577442675008,3.939393939393939e-06
906,0.7086834733893554,0.45925479981050604,0.2494286735788494,3.9491691104594326e-06
907,0.7030812324929969,0.4616463828495283,0.24143484964346862,3.939393939393939e-06
908,0.714285714285714,0.4640402092857346,0.2502455049999794,3.958944281524926e-06
909,0.7086834733893554,0.46643628122351805,0.2422471921658374,3.9491691104594326e-06
910,0.7198879551820725,0.4688346007692458,0.25105335441282667,3.96871945259042e-06
911,0.7086834733893554,0.4712351700312609,0.23744830335809453,3.9491691104594326e-06
912,0.7254901960784315,0.47363799111988397,0.2518522049585475,3.978494623655914e-06
913,0.7254901960784315,0.4760430661474153,0.24944712993101614,3.978494623655914e-06
914,0.7198879551820725,0.4784503972281366,0.2414375579539359,3.96871945259042e-06
915,0.7254901960784315,0.48085998647831274,0.24463020960011872,3.978494623655914e-06
916,0.7254901960784315,0.4832718360161939,0.24221836006223757,3.978494623655914e-06
917,0.7198879551820725,0.4856859479620171,0.2342020072200554,3.96871945259042e-06
918,0.742296918767507,0.48810232443800833,0.2541945943294987,4.007820136852395e-06
919,0.742296918767507,0.49052096756838426,0.25177595119912277,4.007820136852395e-06
920,0.7366946778711485,0.4929418794793542,0.2437527983917943,3.998044965786901e-06
921,0.7591036414565826,0.4953650622991219,0.2637385791574607,4.0371456500488756e-06
922,0.7478991596638656,0.4977905181578875,0.25010864150597806,4.017595307917888e-06
923,0.7478991596638656,0.5002182491878492,0.24768091047601637,4.017595307917888e-06
924,0.7535014005602241,0.5026482575232054,0.25085314303701867,4.027370478983382e-06
925,0.7591036414565826,0.5050805453001566,0.25402309615642604,4.0371456500488756e-06
926,0.7478991596638656,0.5075151146569067,0.24038404500695887,4.017595307917888e-06
927,0.7478991596638656,0.5099519677336658,0.23794719193019975,4.017595307917888e-06
928,0.7591036414565826,0.5123911066726513,0.2467125347839313,4.0371456500488756e-06
929,0.7703081232492994,0.5148325336180903,0.2554755896312091,4.056695992179863e-06
930,0.7647058823529409,0.5172762507162211,0.24742963163671983,4.046920821114369e-06
931,0.7535014005602241,0.5197222601152952,0.23377914044492887,4.027370478983382e-06
932,0.7703081232492994,0.5221705639655795,0.24813755928371994,4.056695992179863e-06
933,0.775910364145658,0.5246211644193577,0.25128919972630026,4.066471163245356e-06
934,0.7703081232492994,0.5270740636309326,0.24323405961836686,4.056695992179863e-06
935,0.775910364145658,0.5295292637566276,0.24638110038903038,4.066471163245356e-06
936,0.775910364145658,0.531986766954789,0.24392359719086898,4.066471163245356e-06
937,0.775910364145658,0.5344465753857875,0.2414637887598704,4.066471163245356e-06
938,0.8263305322128851,0.5369086912120208,0.2894218410008643,4.154447702834799e-06
939,0.7927170868347335,0.5393731165979143,0.2533439702368192,4.095796676441837e-06
940,0.7927170868347335,0.5418398537099244,0.25087723312480914,4.095796676441837e-06
941,0.7927170868347335,0.5443089047165391,0.24840818211819438,4.095796676441837e-06
942,0.798319327731092,0.5467802717882811,0.2515390559428109,4.1055718475073306e-06
943,0.7927170868347335,0.5492539570977089,0.24346312973702466,4.095796676441837e-06
944,0.8095238095238091,0.5517299628194186,0.25779384670439054,4.125122189638318e-06
945,0.803921568627451,0.5542082911300467,0.24971327749740435,4.115347018572825e-06
946,0.8151260504201681,0.5566889442082712,0.25843710621189686,4.134897360703812e-06
947,0.8095238095238091,0.5591719242348138,0.2503518852889953,4.125122189638318e-06
948,0.8151260504201681,0.5616572333924418,0.2534688170277263,4.134897360703812e-06
949,0.8095238095238091,0.5641448738659701,0.24537893565783897,4.125122189638318e-06
950,0.8095238095238091,0.5666348478422629,0.24288896168154617,4.125122189638318e-06
951,0.8319327731092434,0.569127157510236,0.2628056155990074,4.164222873900293e-06
952,0.8207282913165266,0.5716218050608582,0.24910648625566834,4.144672531769306e-06
953,0.8375350140056026,0.5741187926871537,0.2634162213184489,4.173998044965787e-06
954,0.8263305322128851,0.5766181225842038,0.24971240962868135,4.154447702834799e-06
955,0.8375350140056026,0.5791197969491487,0.25841521705645387,4.173998044965787e-06
956,0.8375350140056026,0.58162381798119,0.2559111960244126,4.173998044965787e-06
957,0.8375350140056026,0.5841301878815919,0.2534048261240107,4.173998044965787e-06
958,0.848739495798319,0.5866389088536834,0.26210058694463556,4.1935483870967736e-06
959,0.8375350140056026,0.5891499831028607,0.2483850309027419,4.173998044965787e-06
960,0.8543417366946775,0.5916634128365884,0.2626783238580891,4.203323558162267e-06
961,0.848739495798319,0.594179200264402,0.254560295533917,4.1935483870967736e-06
962,0.8543417366946775,0.5966973475979095,0.257644389096768,4.203323558162267e-06
963,0.8543417366946775,0.5992178570507934,0.25512387964388406,4.203323558162267e-06
964,0.859943977591036,0.6017407308388131,0.25820324675222295,4.213098729227761e-06
965,0.859943977591036,0.604265971179806,0.25567800641123006,4.213098729227761e-06
966,0.859943977591036,0.60679358029369,0.253150397297346,4.213098729227761e-06
967,0.8711484593837531,0.6093235604024657,0.26182489898128736,4.232649071358748e-06
968,0.865546218487395,0.6118559137302177,0.25369030475717724,4.222873900293255e-06
969,0.876750700280112,0.6143906425031171,0.2623600577769949,4.242424242424242e-06
970,0.865546218487395,0.6169277489494231,0.24861846953797184,4.222873900293255e-06
971,0.8823529411764706,0.6194672352994851,0.26288570587698545,4.252199413489736e-06
972,0.876750700280112,0.6220091037857446,0.25474159649436745,4.242424242424242e-06
973,0.8879551820728291,0.6245533566427373,0.26340182543009183,4.261974584555229e-06
974,0.8879551820728291,0.6270999961070949,0.2608551859657342,4.261974584555229e-06
975,0.8879551820728291,0.6296490244175472,0.25830615765528187,4.261974584555229e-06
976,0.8991596638655459,0.6322004438149242,0.26695922005062167,4.2815249266862165e-06
977,0.8879551820728291,0.6347542565421577,0.2532009255306714,4.261974584555229e-06
978,0.8991596638655459,0.6373104648442832,0.2618491990212627,4.2815249266862165e-06
979,0.8991596638655459,0.6398690709684427,0.2592905928971032,4.2815249266862165e-06
980,0.9047619047619044,0.6424300771638857,0.26233182759801876,4.29130009775171e-06
981,0.9047619047619044,0.6449934856819716,0.25976841907993287,4.29130009775171e-06
982,0.9047619047619044,0.6475592987761718,0.25720260598573264,4.29130009775171e-06
983,0.9159663865546219,0.6501275187020715,0.2658388678525504,4.310850439882698e-06
984,0.9047619047619044,0.6526981477173718,0.25206375704453265,4.29130009775171e-06
985,0.92156862745098,0.6552711880818913,0.2662974393690887,4.320625610948191e-06
986,0.910364145658263,0.6578466420575688,0.25251750360069414,4.301075268817204e-06
987,0.92156862745098,0.6604245119084647,0.26114411554251526,4.320625610948191e-06
988,0.92156862745098,0.6630047999007632,0.2585638275502168,4.320625610948191e-06
989,0.927170868347339,0.6655875083027742,0.26158336004456473,4.330400782013685e-06
990,0.932773109243697,0.6681726393849354,0.2646004698587616,4.340175953079178e-06
991,0.927170868347339,0.6707601954198144,0.2564106729275246,4.330400782013685e-06
992,0.938375350140056,0.6733501786821102,0.2650251714579458,4.349951124144672e-06
993,0.932773109243697,0.675942591448656,0.25683051779504107,4.340175953079178e-06
994,0.9495798319327731,0.6785374359984204,0.27104239593435264,4.3695014662756595e-06
995,0.938375350140056,0.6811347146125101,0.25724063552754595,4.349951124144672e-06
996,0.9495798319327731,0.6837344295741711,0.265845402358602,4.3695014662756595e-06
997,0.9495798319327731,0.6863365831687916,0.2632432487639814,4.3695014662756595e-06
998,0.9495798319327731,0.6889411776839035,0.26063865424886956,4.3695014662756595e-06
999,0.9607843137254901,0.6915482154091843,0.2692360983163058,4.389051808406647e-06
1000,0.9495798319327731,0.6941576986364595,0.2554221332963136,4.3695014662756595e-06
1001,0.9607843137254901,0.6967696296597042,0.2640146840657859,4.389051808406647e-06
1002,0.9495798319327731,0.6993840107750456,0.2501958211577274,4.3695014662756595e-06
1003,0.9663865546218484,0.7020008442807647,0.2643857103410837,4.39882697947214e-06
1004,0.9551820728291316,0.7046201324772982,0.25056194035183343,4.379276637341153e-06
1005,0.9607843137254901,0.7072418776672408,0.25354243605824933,4.389051808406647e-06
1006,0.9607843137254901,0.7098660821553472,0.2509182315701429,4.389051808406647e-06
1007,0.9607843137254901,0.7124927482485339,0.2482915654769562,4.389051808406647e-06
1008,0.9663865546218484,0.7151218782558816,0.25126467636596683,4.39882697947214e-06
1009,0.9551820728291316,0.7177534744886367,0.2374285983404949,4.379276637341153e-06
1010,0.9663865546218484,0.7203875392602139,0.2459990153616345,4.39882697947214e-06
1011,0.9607843137254901,0.7230240748861979,0.2377602388392922,4.389051808406647e-06
1012,0.9719887955182069,0.7256630836843455,0.24632571183386143,4.408602150537634e-06
1013,0.9607843137254901,0.7283045679745875,0.23247974575090258,4.389051808406647e-06
1014,0.9663865546218484,0.7309485300790312,0.23543802454281726,4.39882697947214e-06
1015,0.9663865546218484,0.7335949723219618,0.2327915822998866,4.39882697947214e-06
1016,0.9607843137254901,0.7362438970298449,0.22454041669564517,4.389051808406647e-06
1017,0.9719887955182069,0.7388953065313286,0.23309348898687832,4.408602150537634e-06
1018,0.9607843137254901,0.741549203157245,0.21923511056824507,4.389051808406647e-06
1019,0.9775910364145659,0.744205589240613,0.23338544717395293,4.418377321603128e-06
